-- MySQL dump 10.13  Distrib 8.0.21, for osx10.15 (x86_64)
--
-- Host: localhost    Database: bazaraki
-- ------------------------------------------------------
-- Server version	8.0.21

/*!40101 SET @OLD_CHARACTER_SET_CLIENT=@@CHARACTER_SET_CLIENT */;
/*!40101 SET @OLD_CHARACTER_SET_RESULTS=@@CHARACTER_SET_RESULTS */;
/*!40101 SET @OLD_COLLATION_CONNECTION=@@COLLATION_CONNECTION */;
/*!50503 SET NAMES utf8mb4 */;
/*!40103 SET @OLD_TIME_ZONE=@@TIME_ZONE */;
/*!40103 SET TIME_ZONE='+00:00' */;
/*!40014 SET @OLD_UNIQUE_CHECKS=@@UNIQUE_CHECKS, UNIQUE_CHECKS=0 */;
/*!40014 SET @OLD_FOREIGN_KEY_CHECKS=@@FOREIGN_KEY_CHECKS, FOREIGN_KEY_CHECKS=0 */;
/*!40101 SET @OLD_SQL_MODE=@@SQL_MODE, SQL_MODE='NO_AUTO_VALUE_ON_ZERO' */;
/*!40111 SET @OLD_SQL_NOTES=@@SQL_NOTES, SQL_NOTES=0 */;

--
-- Table structure for table `advert_categories`
--

DROP TABLE IF EXISTS `advert_categories`;
/*!40101 SET @saved_cs_client     = @@character_set_client */;
/*!50503 SET character_set_client = utf8mb4 */;
CREATE TABLE `advert_categories` (
  `id` int unsigned NOT NULL AUTO_INCREMENT COMMENT 'Идентификатор строки',
  `name` varchar(50) CHARACTER SET utf8 COLLATE utf8_unicode_ci NOT NULL COMMENT 'Название категории',
  `created_at` datetime DEFAULT CURRENT_TIMESTAMP,
  PRIMARY KEY (`id`)
) ENGINE=InnoDB AUTO_INCREMENT=17 DEFAULT CHARSET=utf8 COLLATE=utf8_unicode_ci COMMENT='Перечень категорий';
/*!40101 SET character_set_client = @saved_cs_client */;

--
-- Dumping data for table `advert_categories`
--

LOCK TABLES `advert_categories` WRITE;
/*!40000 ALTER TABLE `advert_categories` DISABLE KEYS */;
INSERT INTO `advert_categories` VALUES (1,'rerum','1979-07-26 03:10:46'),(2,'omnis','1971-02-23 20:22:17'),(3,'id','2000-12-12 09:45:32'),(4,'itaque','1993-02-08 00:04:09'),(5,'odit','2014-05-23 09:00:36'),(6,'dolor','2012-08-06 18:39:55'),(7,'non','1973-05-04 04:48:06'),(8,'nostrum','1999-05-14 06:57:21'),(9,'porro','2000-03-03 03:24:32'),(10,'facilis','2018-05-15 21:32:44'),(11,'occaecati','1974-08-13 10:24:23'),(12,'possimus','2020-08-19 13:26:49'),(13,'repellendus','1996-07-31 10:13:53'),(14,'ea','2002-05-10 01:45:17'),(15,'accusamus','2019-07-07 16:38:06'),(16,'repudiandae','2013-10-20 14:55:20');
/*!40000 ALTER TABLE `advert_categories` ENABLE KEYS */;
UNLOCK TABLES;

--
-- Table structure for table `advert_subcategories`
--

DROP TABLE IF EXISTS `advert_subcategories`;
/*!40101 SET @saved_cs_client     = @@character_set_client */;
/*!50503 SET character_set_client = utf8mb4 */;
CREATE TABLE `advert_subcategories` (
  `id` bigint unsigned NOT NULL AUTO_INCREMENT COMMENT 'Идентификатор строки',
  `advert_category_id` int unsigned NOT NULL COMMENT 'Ссылка на категорию к которой принадлежит подкатегория',
  `name` varchar(50) CHARACTER SET utf8 COLLATE utf8_unicode_ci NOT NULL COMMENT 'Название подкатегории',
  `created_at` datetime DEFAULT CURRENT_TIMESTAMP,
  PRIMARY KEY (`id`),
  KEY `advert_subcategories_advert_categories_id_fk` (`advert_category_id`),
  CONSTRAINT `advert_subcategories_advert_categories_id_fk` FOREIGN KEY (`advert_category_id`) REFERENCES `advert_categories` (`id`)
) ENGINE=InnoDB AUTO_INCREMENT=101 DEFAULT CHARSET=utf8 COLLATE=utf8_unicode_ci COMMENT='Перечень подкатегорий';
/*!40101 SET character_set_client = @saved_cs_client */;

--
-- Dumping data for table `advert_subcategories`
--

LOCK TABLES `advert_subcategories` WRITE;
/*!40000 ALTER TABLE `advert_subcategories` DISABLE KEYS */;
INSERT INTO `advert_subcategories` VALUES (1,1,'veniam','1995-03-17 13:05:11'),(2,2,'maxime','1992-02-15 18:24:07'),(3,3,'delectus','1975-05-14 09:09:19'),(4,4,'omnis','2001-03-30 19:46:56'),(5,5,'iste','2014-12-12 18:11:29'),(6,6,'quo','1983-06-04 00:27:18'),(7,7,'quae','1978-09-18 17:02:41'),(8,8,'maxime','1974-03-02 00:35:29'),(9,9,'omnis','2009-08-18 01:35:13'),(10,10,'alias','2016-01-24 06:20:52'),(11,11,'earum','1985-04-02 05:19:12'),(12,12,'suscipit','1977-08-20 02:58:31'),(13,13,'consectetur','2008-03-25 09:44:06'),(14,14,'similique','1998-07-02 14:36:01'),(15,15,'praesentium','1985-09-05 22:27:51'),(16,16,'non','2003-02-19 03:53:54'),(17,1,'quo','1989-07-14 12:15:02'),(18,2,'labore','1990-09-17 23:40:48'),(19,3,'dolorem','1987-07-02 19:29:16'),(20,4,'minima','2009-08-18 14:58:53'),(21,5,'vero','2015-11-13 03:31:16'),(22,6,'voluptatem','1975-02-16 14:31:55'),(23,7,'quibusdam','1996-08-29 00:07:09'),(24,8,'placeat','2015-03-25 00:49:06'),(25,9,'culpa','2013-05-29 01:57:54'),(26,10,'qui','1995-09-20 00:04:51'),(27,11,'ratione','2019-08-12 09:10:03'),(28,12,'nulla','1999-01-23 15:56:33'),(29,13,'eaque','2012-08-29 13:11:41'),(30,14,'quae','2005-03-14 15:10:37'),(31,15,'repellendus','2008-11-27 04:29:43'),(32,16,'saepe','1976-01-06 11:15:19'),(33,1,'fugit','1980-10-12 00:03:22'),(34,2,'et','2016-08-28 09:59:50'),(35,3,'eligendi','2010-06-22 06:30:05'),(36,4,'dolorem','1976-07-08 00:33:36'),(37,5,'in','1974-01-21 23:29:33'),(38,6,'et','2006-07-04 10:58:36'),(39,7,'vel','1979-11-24 07:20:23'),(40,8,'corrupti','1999-05-08 06:08:37'),(41,9,'soluta','2017-12-31 13:49:03'),(42,10,'veritatis','1982-09-06 03:04:49'),(43,11,'tenetur','1970-11-22 05:54:09'),(44,12,'optio','2005-08-22 18:42:32'),(45,13,'vitae','1997-11-15 15:29:51'),(46,14,'vero','1970-02-27 14:58:23'),(47,15,'deserunt','2019-03-25 08:21:22'),(48,16,'consequatur','2017-01-01 10:03:35'),(49,1,'dicta','2001-02-24 21:39:18'),(50,2,'aut','2020-05-05 12:55:40'),(51,3,'exercitationem','2017-12-17 15:42:31'),(52,4,'at','1998-08-15 17:07:58'),(53,5,'ipsum','1991-03-06 05:45:39'),(54,6,'nulla','2008-11-16 02:13:54'),(55,7,'voluptas','1987-06-30 22:45:56'),(56,8,'excepturi','1987-08-24 15:11:47'),(57,9,'cupiditate','2016-06-01 09:34:25'),(58,10,'sunt','1977-10-15 07:39:23'),(59,11,'sequi','1990-07-11 00:40:50'),(60,12,'sint','1976-05-02 01:43:55'),(61,13,'consequuntur','2002-07-22 04:35:19'),(62,14,'qui','2009-03-03 09:16:02'),(63,15,'animi','1973-04-23 16:50:05'),(64,16,'dolor','2018-10-27 20:13:48'),(65,1,'amet','1984-01-10 16:52:50'),(66,2,'ut','2020-07-27 21:05:28'),(67,3,'qui','1999-04-06 07:20:55'),(68,4,'non','2013-10-25 09:36:11'),(69,5,'in','2003-03-24 17:42:54'),(70,6,'facilis','1975-02-05 06:54:54'),(71,7,'natus','1992-01-02 20:11:32'),(72,8,'inventore','1987-12-15 05:13:56'),(73,9,'est','1988-11-22 00:07:28'),(74,10,'voluptatum','2001-06-08 01:48:32'),(75,11,'quos','2010-04-05 08:56:11'),(76,12,'eius','2007-10-01 20:42:04'),(77,13,'maxime','1982-05-02 09:02:17'),(78,14,'aut','1993-07-16 11:14:56'),(79,15,'repellat','1975-10-11 14:50:20'),(80,16,'saepe','2019-11-09 12:26:43'),(81,1,'et','1979-03-13 07:22:38'),(82,2,'illo','1985-05-21 07:45:10'),(83,3,'voluptatem','1980-01-24 05:47:21'),(84,4,'exercitationem','1988-02-19 07:18:50'),(85,5,'dolor','1983-07-08 14:25:13'),(86,6,'delectus','1993-03-19 11:43:57'),(87,7,'aspernatur','2013-10-07 12:29:33'),(88,8,'blanditiis','1981-02-19 08:05:28'),(89,9,'porro','2001-08-26 00:08:12'),(90,10,'qui','2016-07-25 23:57:11'),(91,11,'voluptatem','2018-10-21 05:33:57'),(92,12,'maxime','2013-06-04 01:03:05'),(93,13,'esse','1998-08-12 07:42:37'),(94,14,'provident','2012-08-20 19:50:58'),(95,15,'error','2017-07-16 20:54:55'),(96,16,'ullam','1991-05-24 18:41:04'),(97,1,'tempore','1990-11-02 02:50:15'),(98,2,'incidunt','2018-11-21 01:14:10'),(99,3,'beatae','1997-05-28 23:54:30'),(100,4,'exercitationem','1979-11-22 05:27:36');
/*!40000 ALTER TABLE `advert_subcategories` ENABLE KEYS */;
UNLOCK TABLES;

--
-- Table structure for table `adverts`
--

DROP TABLE IF EXISTS `adverts`;
/*!40101 SET @saved_cs_client     = @@character_set_client */;
/*!50503 SET character_set_client = utf8mb4 */;
CREATE TABLE `adverts` (
  `id` bigint unsigned NOT NULL AUTO_INCREMENT COMMENT 'Идентификатор строки',
  `user_id` bigint unsigned NOT NULL COMMENT 'Автор объявления',
  `status` enum('Active','Pending','Inactive','Declined','Deleted') CHARACTER SET utf8 COLLATE utf8_unicode_ci NOT NULL COMMENT 'Статус объявления',
  `subcategory_id` bigint unsigned NOT NULL COMMENT 'Подраздел',
  `location_id` bigint unsigned DEFAULT NULL COMMENT 'Локация-район нахождения объекта объявления',
  `title` varchar(255) CHARACTER SET utf8 COLLATE utf8_unicode_ci NOT NULL COMMENT 'Заголовок',
  `desription` text CHARACTER SET utf8 COLLATE utf8_unicode_ci NOT NULL COMMENT 'Описание',
  `price` decimal(11,2) NOT NULL COMMENT 'Цена',
  `photo_id` int unsigned NOT NULL COMMENT 'Ссылка на фото',
  `video` varchar(255) CHARACTER SET utf8 COLLATE utf8_unicode_ci DEFAULT NULL COMMENT 'Ссылка на ролик youtube',
  `created_at` datetime DEFAULT CURRENT_TIMESTAMP,
  `updated_at` datetime DEFAULT CURRENT_TIMESTAMP ON UPDATE CURRENT_TIMESTAMP,
  PRIMARY KEY (`id`),
  KEY `adverts_photo_id_fk` (`photo_id`),
  KEY `adverts_advert_subcategories_id_fk` (`subcategory_id`),
  KEY `adverts_locations_id_fk` (`location_id`),
  KEY `adverts_user_id_fk` (`user_id`),
  KEY `adverts_price_idx` (`price`),
  CONSTRAINT `adverts_advert_subcategories_id_fk` FOREIGN KEY (`subcategory_id`) REFERENCES `advert_subcategories` (`id`),
  CONSTRAINT `adverts_locations_id_fk` FOREIGN KEY (`location_id`) REFERENCES `locations` (`id`),
  CONSTRAINT `adverts_photo_id_fk` FOREIGN KEY (`photo_id`) REFERENCES `photos` (`id`),
  CONSTRAINT `adverts_user_id_fk` FOREIGN KEY (`user_id`) REFERENCES `users` (`id`)
) ENGINE=InnoDB AUTO_INCREMENT=203 DEFAULT CHARSET=utf8 COLLATE=utf8_unicode_ci COMMENT='Объявления-основная часть объявления-атрибуты повторяющиеся в любом из них';
/*!40101 SET character_set_client = @saved_cs_client */;

--
-- Dumping data for table `adverts`
--

LOCK TABLES `adverts` WRITE;
/*!40000 ALTER TABLE `adverts` DISABLE KEYS */;
INSERT INTO `adverts` VALUES (1,48,'Deleted',94,97,'Ad temporibus incidunt quas minus vel hic.','Iusto accusamus est aut commodi et est. Quis quas est quia saepe. Quasi optio harum recusandae minus natus ex. Natus placeat aperiam non.',5983952.30,1,'http://flatley.biz/','1982-04-25 23:41:58','2021-01-18 21:18:16'),(2,18,'Declined',3,100,'Voluptatibus et voluptas vitae qui exercitationem ipsa saepe.','Voluptas qui tempora vero. Veritatis aliquam voluptatem omnis consequatur ea. Quos est voluptates libero ipsa dolore ut molestiae soluta. Modi esse rerum nesciunt numquam et dolor sequi.',3214658.37,2,'http://www.turcotte.info/','1980-07-06 16:34:42','2021-01-18 21:18:16'),(3,44,'Declined',33,5,'Et eaque dolorem voluptatibus aut aut expedita modi.','Sunt dolorum ut optio facilis temporibus facere. Earum dolor ipsa harum earum. Dolore natus recusandae nisi sit et voluptas.',6870626.29,3,'http://fay.com/','1993-05-22 04:41:05','2021-01-18 21:18:16'),(4,66,'Declined',56,28,'Sed ea natus quis officia.','Alias hic quo exercitationem voluptas. Autem ea dolores corporis voluptatem magnam et sequi. Dolorum sit consectetur enim. Nam omnis vel quae numquam beatae qui dolorem.',727292.73,4,'http://lueilwitz.com/','1970-03-30 04:52:50','2021-01-18 21:18:16'),(5,97,'Active',78,22,'Ad animi in quos ut laboriosam sed.','Et aut rerum est aliquam et id quasi. Voluptas esse impedit et ratione voluptas. Eaque odio aut officia corporis. Tenetur earum accusantium sit vitae recusandae assumenda ab.',9995186.82,5,'http://www.runolfsdottir.net/','2010-03-23 12:19:20','2021-01-18 21:18:16'),(6,85,'Deleted',24,27,'Et qui reprehenderit sint.','Molestias accusamus facilis tempore harum est quis aperiam. Quaerat quia ducimus tempore quia.',2602696.42,6,'http://www.wolfmarquardt.com/','1980-02-13 05:58:47','2021-01-18 21:18:16'),(7,35,'Active',84,66,'Eum quis in facere harum vero consequuntur.','Quibusdam alias quidem id nobis dolor blanditiis eos. Incidunt fugiat modi est quis ipsum. Illo eveniet dolorem possimus omnis labore.',345341.73,7,'http://littleschmitt.com/','2007-04-10 09:34:00','2021-01-18 21:18:16'),(8,20,'Active',47,50,'Beatae minima atque ea voluptates.','Voluptas maiores explicabo et. Veritatis error provident eius beatae odio cupiditate in voluptatem. Necessitatibus aliquam minus dolores modi. Similique culpa aspernatur accusamus ut est.',8130364.38,8,'http://www.dickens.com/','1971-11-05 13:52:53','2021-01-18 21:18:16'),(9,92,'Declined',85,51,'Tempore saepe inventore odio quo.','Ex hic molestiae vero aut est iure tempore. Qui odio adipisci tempore iure. Quaerat a est dolor sint optio. Consequatur suscipit quia veniam occaecati sed.',5385849.61,9,'http://www.walkerbergstrom.com/','1984-03-30 08:48:07','2021-01-18 21:11:33'),(10,2,'Active',82,6,'Totam quia minus qui fugiat accusantium voluptatem.','Autem ut illo dignissimos qui modi quaerat. Et voluptatum ut dolore eligendi nisi iusto accusantium velit. Autem earum ut eum distinctio officia.',3127326.44,10,'http://www.bartell.biz/','2008-10-13 01:18:41','2021-01-18 21:18:16'),(11,34,'Active',56,75,'Nihil eum veritatis laudantium.','Dolorem ex quia deserunt maiores qui. Aut excepturi omnis ut quos est perferendis eaque. Nihil explicabo quis alias est provident nostrum.',4948110.02,11,'http://www.collier.org/','2016-10-04 23:27:15','2021-01-18 21:18:16'),(12,63,'Active',35,59,'Eveniet eos sed animi nisi dolorem debitis.','Animi quia enim exercitationem optio ad delectus. Omnis facilis fuga eius molestiae aut. Enim quod quod veritatis fugiat quaerat. Dicta laudantium sunt facilis veniam commodi.',5029747.12,12,'http://www.dach.com/','1978-11-14 22:20:46','2021-01-18 21:18:16'),(13,12,'Active',3,66,'Ex enim cum dolorem sapiente dolor similique id.','Eaque facere magni nemo reprehenderit maxime. Itaque voluptatem quae eum quam. Quam cupiditate expedita ipsam earum non.',8052420.04,13,'http://www.lowe.com/','2010-05-10 11:37:29','2021-01-18 21:18:16'),(14,69,'Pending',9,54,'Voluptatem maxime eum doloremque quod eos aut ad.','Natus nisi perspiciatis sequi tempora. Fuga aut porro beatae maiores. Sed voluptatem sed sint.',6135773.89,14,'http://quitzon.net/','1973-10-19 12:26:04','2021-01-18 21:18:16'),(15,11,'Pending',38,70,'Aut aliquam temporibus iure sed qui doloremque dolorem.','Atque fugit rerum nemo earum enim in omnis. Corporis optio quos enim hic voluptas sed sed. Eos optio ad consequatur dolore officiis. Quae quibusdam sunt aut sit hic rerum aut.',9827084.81,15,'http://hermiston.info/','1993-01-01 10:45:31','2021-01-18 21:18:16'),(16,48,'Active',61,90,'Aut autem illum ad iure.','Qui dolores optio autem. Ut odio neque sapiente in. Doloribus qui est dicta dolores occaecati possimus.',8930317.24,16,'http://braundietrich.com/','2000-03-14 22:23:10','2021-01-18 21:18:16'),(17,6,'Deleted',89,40,'Libero nostrum laboriosam reiciendis qui.','Consequatur culpa optio totam assumenda repellat similique et. Sint rerum quos ab minus. Non aut soluta vel.',1354909.34,17,'http://kris.biz/','1987-09-08 11:56:46','2021-01-18 21:18:16'),(18,84,'Declined',62,28,'Voluptatem libero dolorum molestiae qui exercitationem officiis rerum.','Et illum adipisci eos ut tempora repellendus aliquid. Reprehenderit aliquid eum sequi cupiditate. Et quis eligendi voluptas molestias aut.',7322543.97,18,'http://heaney.net/','2010-03-02 07:14:24','2021-01-18 21:18:16'),(19,100,'Active',43,20,'Tempore provident nihil eos id non.','Itaque voluptatem commodi tenetur eos repellendus facere. Adipisci ducimus saepe et dolores voluptates. Dolor quia qui excepturi quasi perspiciatis mollitia.',6423664.61,19,'http://www.walkermorissette.com/','1979-03-15 21:56:33','2021-01-18 21:18:16'),(20,50,'Inactive',27,14,'Repellat ad earum corrupti unde sed animi sunt vero.','Recusandae facilis voluptas libero eaque. Sint amet ut perferendis officiis. Officiis nihil architecto repellat.',3729598.78,20,'http://www.donnelly.com/','2019-07-02 02:29:02','2021-01-18 21:18:16'),(21,49,'Deleted',6,9,'Atque earum non minima sed reprehenderit laboriosam repellat neque.','Ad vel voluptas ab quasi consequatur. Rem nobis sed necessitatibus perspiciatis voluptas sed. Maiores aperiam error ut est nihil voluptatum.',1891586.32,21,'http://kessler.com/','1982-04-21 02:33:37','2021-01-18 21:18:16'),(22,95,'Declined',50,5,'Et ullam deleniti debitis laborum blanditiis placeat delectus.','Est laudantium nam dolor laboriosam. Beatae repellat necessitatibus voluptatum. Nemo non sed temporibus omnis dolorum. Doloribus vitae enim nesciunt officiis culpa maxime.',1284931.04,22,'http://sanford.net/','1990-08-20 19:18:09','2021-01-18 21:18:16'),(23,29,'Declined',30,98,'Hic dolorem voluptas magnam.','Debitis sit dolores consequatur. Cum ducimus aperiam aut. Minus aliquam nihil ex eos.',4041577.95,23,'http://schimmel.org/','2000-03-19 07:26:48','2021-01-18 21:18:16'),(24,56,'Pending',1,72,'Laudantium maxime quod ut ut.','Nostrum nisi incidunt soluta eum ut nisi est. Ad et officiis non perferendis pariatur amet iusto.',129318.69,24,'http://www.kozey.com/','2016-07-29 02:12:39','2021-01-18 21:18:16'),(25,96,'Inactive',15,66,'Nihil quae quis consequatur animi qui ipsa voluptate.','Velit a voluptas vel fuga ipsum recusandae. Eos eum amet fuga voluptatem fugiat natus quo. Dolor illo quis sunt quod. Nulla eligendi sunt pariatur quas sed dignissimos.',3291121.97,25,'http://www.zulaufsmitham.com/','1972-02-22 19:00:39','2021-01-18 21:18:16'),(26,9,'Active',69,16,'Provident beatae voluptatibus eius aut.','Recusandae et est saepe eum debitis occaecati. Minima officia sequi dolor fuga tenetur ut. Minus in ea eum illum rem odio.',2061675.75,26,'http://rogahn.biz/','1972-08-31 18:50:44','2021-01-18 21:18:16'),(27,58,'Deleted',2,78,'Beatae aliquam quo nihil minima quia cupiditate.','Nam quis maiores ad natus alias. Nesciunt quaerat ratione ea exercitationem nihil id nisi. Consequatur culpa recusandae et eaque. Eos odio tempora earum exercitationem vitae sunt illum ipsum.',9302195.48,27,'http://mclaughlin.com/','1971-10-05 22:24:15','2021-01-18 21:18:16'),(28,64,'Inactive',100,44,'Sequi vel voluptas harum odio.','Rerum inventore aliquam asperiores commodi nostrum. Aliquam nihil omnis culpa. Et aut quia nihil voluptatem ut et est. Debitis distinctio ex dolores accusamus ipsam reprehenderit sed.',1746918.10,28,'http://stiedemanngislason.biz/','1991-03-24 15:58:36','2021-01-18 21:18:16'),(29,43,'Inactive',93,83,'Non omnis quia doloremque aliquid cupiditate dolore inventore illo.','Ad et autem ducimus temporibus ut. Sit non dolorem ipsam similique facere hic aspernatur adipisci. Error rerum dicta sit temporibus reiciendis.',1659277.05,29,'http://schmidt.net/','2009-08-19 23:07:20','2021-01-18 21:18:16'),(30,21,'Inactive',64,83,'Eius dolores magnam quo.','Aut vero eligendi similique esse aut qui voluptatibus. Soluta minima ipsum non dolores iste. Non eum similique sit quibusdam assumenda totam eum. Facere dolor officia ducimus distinctio enim eius.',6725286.81,30,'http://treutelziemann.biz/','2001-12-01 10:40:43','2021-01-18 21:18:16'),(31,78,'Inactive',43,68,'Et mollitia ut voluptatum quia et.','Deleniti sed ab sunt enim non voluptatem. Quo minima id omnis voluptate et non perspiciatis. Animi doloremque assumenda ea quae nulla quia magnam mollitia.',6597001.75,31,'http://www.hartmann.org/','1990-05-21 11:05:52','2021-01-18 21:18:16'),(32,25,'Active',20,90,'Aliquam et at mollitia est.','Et est id doloribus minus. Atque inventore velit ea vel fuga non quisquam soluta. Et esse eos ipsum repudiandae necessitatibus totam. Qui consectetur tempore est repellat.',4885392.00,32,'http://www.emardkohler.com/','1983-03-15 12:42:46','2021-01-18 21:18:16'),(33,93,'Declined',70,43,'Reiciendis autem qui provident aut ipsum nobis nam.','Voluptas officia perferendis quas illum sed voluptates. Deleniti nihil amet nesciunt quisquam a rem. Illum omnis ut nisi commodi voluptatibus voluptas.',6803296.16,33,'http://fadelquigley.com/','1980-12-16 11:29:30','2021-01-18 21:18:16'),(34,87,'Active',89,47,'Similique sunt veniam voluptatem et.','Vitae rerum ducimus est autem consequatur sed accusantium. Soluta aut molestias quia.',5372747.83,34,'http://cartwright.com/','2019-08-31 10:48:11','2021-01-18 21:11:33'),(35,56,'Active',35,4,'Aperiam rerum aspernatur voluptatem magnam quo nisi dignissimos.','Magni qui omnis sed eos odio quia deleniti. At tempora consectetur sapiente maiores corrupti modi ea suscipit. Neque tempora quo eveniet rerum. Explicabo sint vero et.',8338163.85,35,'http://rowe.com/','1983-12-07 07:28:52','2021-01-18 21:18:16'),(36,17,'Inactive',6,78,'Consequatur ut voluptas ipsam molestias labore illum libero eligendi.','Optio cum ipsa at corporis sed quidem. Laboriosam et adipisci et at maxime rerum ut. Quae impedit autem dolore est molestiae provident. Officia eum non enim debitis ipsum est quasi voluptatum.',5733216.76,36,'http://www.leschbogan.com/','1995-07-04 10:14:33','2021-01-18 21:18:16'),(37,18,'Deleted',25,80,'Vel tempore dignissimos alias ducimus iste iure ipsum.','Quo dignissimos sapiente at. Voluptates assumenda tempore accusamus neque voluptatem iure magnam. Omnis mollitia incidunt iste sit aut molestias id aperiam.',7871579.74,37,'http://www.buckridge.com/','2008-08-28 04:50:39','2021-01-18 21:18:16'),(38,36,'Declined',7,64,'Ad harum totam quia in ea.','Ut incidunt magnam aut quam. Rerum consequatur tempora iste enim molestiae repellat. Nesciunt est voluptatem commodi voluptate perspiciatis.',9472987.52,38,'http://yost.biz/','2009-11-05 02:35:47','2021-01-18 21:18:16'),(39,28,'Pending',61,78,'Quam dolores quas qui eum sapiente odio ut.','Tempora officia ut sint rerum magni enim officia perferendis. Dolorum quisquam deserunt laudantium eum vero tenetur corrupti. Cumque molestias molestiae aut voluptatem tenetur placeat.',1555040.65,39,'http://www.lemke.com/','2010-01-16 13:44:00','2021-01-18 21:18:16'),(40,33,'Active',83,99,'Iusto ad quas unde aspernatur.','Quia aliquam beatae atque rerum odit sunt illo. Ea optio voluptatibus est pariatur numquam omnis sit. Aut quis impedit excepturi quis atque sed perspiciatis.',464850.57,40,'http://walkercorkery.com/','1981-12-03 04:05:42','2021-01-18 21:18:16'),(41,78,'Declined',33,60,'Molestias fugit fuga quis.','Debitis qui eum et. Consectetur alias nulla nobis aut soluta voluptas placeat. Rem ea et eveniet.',1719717.17,41,'http://www.pollich.com/','2002-04-17 15:27:04','2021-01-18 21:18:16'),(42,93,'Deleted',15,2,'Iure qui et occaecati illo et quod facere.','Perferendis rerum sint et quas. Suscipit dolores qui corporis quasi. Aliquid est eos fuga et non fugit. Quis omnis corrupti officiis recusandae et incidunt.',2794681.75,42,'http://www.rau.com/','1976-07-25 08:16:41','2021-01-18 21:18:16'),(43,28,'Active',76,28,'Necessitatibus unde non veniam veniam.','Dolorem totam nihil vel dolor sint numquam. Voluptate aut et quis. Dolorem sed totam veritatis adipisci dolorum commodi in. Repellendus id aut perferendis eos assumenda molestias nihil.',2686563.84,43,'http://rohantoy.com/','2003-05-11 07:35:17','2021-01-18 21:18:16'),(44,62,'Deleted',34,35,'Iusto dolor modi ipsum.','Voluptas optio commodi consequuntur atque sequi inventore est. Est corporis sapiente et doloremque dolorem. Iure impedit quia incidunt et adipisci. Cumque qui veniam sint aut qui dolore a.',5664181.69,44,'http://www.homenick.com/','1987-12-29 01:38:04','2021-01-18 21:18:16'),(45,26,'Pending',40,91,'Animi et consectetur minima aut.','Mollitia et aut doloremque aut. Rem aut provident qui voluptatem tempora dolor. Perspiciatis voluptatem ea aut vel quos sint et nihil.',5341985.91,45,'http://botsfordlockman.net/','2014-01-06 09:11:35','2021-01-18 21:18:16'),(46,42,'Deleted',97,48,'Vel doloribus eaque numquam ipsam facere atque nostrum vel.','Fugiat fugiat sit id incidunt sint et dignissimos. Sapiente nulla nihil eaque expedita. Error aspernatur sequi ipsa ex.',2880341.75,46,'http://www.wolffboyle.info/','1975-06-17 22:58:20','2021-01-18 21:18:16'),(47,30,'Pending',67,68,'Quisquam adipisci fugiat nihil assumenda.','Alias et ex in odio aut laborum. Error cum nostrum aut sit dolores eveniet. Maxime sequi qui dolorem.',8530951.29,47,'http://www.douglas.com/','2007-11-16 10:26:52','2021-01-18 21:18:16'),(48,26,'Inactive',41,96,'Facilis est sunt ratione odit quis.','Cumque at cumque dicta voluptatem nesciunt dolor molestias nesciunt. Qui error repellat unde officiis. At quibusdam qui at.',1645988.64,48,'http://balistreri.com/','2002-09-27 05:16:57','2021-01-18 21:18:16'),(49,38,'Declined',4,73,'Exercitationem dolorem qui atque error occaecati iusto harum.','Ea ut ut sunt qui culpa molestias quo. Aut nihil temporibus est mollitia nostrum et.',3702147.39,49,'http://www.cruickshankbarrows.com/','2006-01-12 11:53:13','2021-01-18 21:18:16'),(50,11,'Inactive',99,78,'Velit praesentium ut perferendis sunt aut aut sed.','Expedita quidem illo doloremque dolor commodi pariatur nobis. Nemo eaque excepturi dolores nostrum reprehenderit pariatur. Reiciendis distinctio quaerat a eos aperiam sint pariatur explicabo.',6691385.79,50,'http://www.herman.net/','1996-08-25 08:03:02','2021-01-18 21:18:16'),(51,42,'Declined',80,72,'Aut inventore consequuntur ut perspiciatis.','Nihil velit fugiat fugit et id ea a. Quia et autem exercitationem incidunt sit vero. Culpa reprehenderit repudiandae rerum eligendi id soluta.',4512843.15,51,'http://lindgren.com/','2002-12-11 20:43:09','2021-01-18 21:18:16'),(52,77,'Declined',5,23,'Dicta qui et vel quia aut minus.','Velit in sint fugit amet enim accusamus cum. Veritatis neque eius incidunt dolores ab repellat.',5043045.95,52,'http://www.bashiriangusikowski.com/','2013-02-12 18:59:24','2021-01-18 21:18:16'),(53,58,'Pending',83,99,'Veritatis odio numquam voluptatem id.','Rem ut quis et ut magni. Ex accusantium et cumque cumque et et earum et. Odit ea sunt excepturi non molestiae voluptas.',7250574.16,53,'http://davis.com/','1986-01-18 23:52:04','2021-01-18 21:18:16'),(54,57,'Inactive',99,24,'Necessitatibus possimus enim enim ducimus.','Pariatur dolorem ea officia occaecati ullam autem distinctio. Similique ea doloremque omnis quos nihil molestiae voluptas. Expedita dolore molestiae quidem quis.',5733525.47,54,'http://torpdare.com/','2010-03-04 00:56:42','2021-01-18 21:18:16'),(55,13,'Inactive',45,25,'Vitae dolore tempora animi saepe et inventore.','Provident quo est aut dicta. Officiis eos necessitatibus ut qui. Repudiandae aut magni et consequatur.',3313426.01,55,'http://hansenarmstrong.net/','1994-04-26 22:33:34','2021-01-18 21:18:16'),(56,94,'Inactive',28,52,'Id eaque dolore sit aut minus laudantium aliquid mollitia.','Nam aut quibusdam quod blanditiis. Doloribus necessitatibus officiis sunt enim id. Quam qui qui eum dolores iure. Dolorem rem quia eveniet ad vel.',9390541.34,56,'http://www.homenick.net/','1982-12-01 18:40:40','2021-01-18 21:18:16'),(57,28,'Pending',3,83,'Incidunt error iste itaque rerum ratione.','Ut similique distinctio fugiat et. Expedita quis aspernatur fugit qui doloribus. Qui ut commodi sequi quibusdam qui omnis.',9591348.63,57,'http://www.gleason.biz/','2014-12-07 11:45:31','2021-01-18 21:18:16'),(58,56,'Active',30,58,'Sint et praesentium sed.','Dolore voluptatum est ex. Earum tempora quia sunt qui veniam voluptas quis.',4407960.17,58,'http://blandavonrueden.org/','1976-10-22 21:58:41','2021-01-18 21:11:33'),(59,99,'Deleted',43,43,'Iste sint incidunt qui.','Amet et voluptatum commodi sunt aut praesentium nisi sit. Voluptates vitae quidem consequatur in. Recusandae ipsum qui et explicabo aliquam consequatur voluptatem ut.',7618671.58,59,'http://daughertyskiles.org/','1979-08-23 23:36:26','2021-01-18 21:18:16'),(60,24,'Active',23,39,'Rerum sit porro consectetur porro.','Quia ducimus amet at ipsa praesentium. Voluptate debitis iusto itaque laudantium.',117308.50,60,'http://www.rau.com/','2019-10-25 12:22:03','2021-01-18 21:18:16'),(61,23,'Pending',88,68,'Dolore est explicabo quos quia nostrum.','Officia nulla expedita esse blanditiis qui. Nam facere tempora fuga dolorem et non. Sequi ipsam itaque eum quod cum voluptatem.',5766574.88,61,'http://www.kovacek.com/','2006-03-05 06:56:50','2021-01-18 21:18:16'),(62,43,'Declined',68,21,'Voluptas dolor et qui et.','Qui quae ut perferendis quia accusantium. Laudantium qui enim sit et sit.',4176121.62,62,'http://manntowne.biz/','2014-03-04 06:16:56','2021-01-18 21:18:16'),(63,45,'Declined',74,98,'Odio excepturi aut optio ea aperiam perspiciatis.','Dolorum magni voluptates qui quis et. Odio soluta impedit reiciendis consequatur enim nobis quis est. Ut cum quis illo ducimus consectetur repellendus mollitia.',2854830.57,63,'http://smithhayes.com/','2005-08-14 10:53:37','2021-01-18 21:18:16'),(64,95,'Declined',68,30,'Molestiae repellat soluta distinctio est velit nulla rerum nulla.','Est culpa dolorem eaque accusamus et quasi excepturi. Iure aspernatur ut ut omnis porro culpa. Omnis cum quam et ea id quos.',9247859.21,64,'http://www.heidenreich.com/','1992-11-28 03:12:52','2021-01-18 21:18:16'),(65,39,'Active',17,55,'Voluptatum quis repellendus quia.','Quae nisi iusto esse qui voluptas debitis excepturi. Provident voluptas repellendus et hic. Sit ut accusantium ea.',1167140.00,65,'http://www.reillyswaniawski.biz/','2014-08-15 15:54:20','2021-01-18 21:18:16'),(66,9,'Deleted',82,84,'Sed earum vitae quo qui dolore sed velit iste.','Consequatur rerum molestias aut sed minima. Hic aut nisi laborum incidunt omnis. Dolores impedit temporibus quia.',481621.59,66,'http://kassulkeconnelly.com/','2018-12-17 09:20:48','2021-01-18 21:18:16'),(67,30,'Active',59,54,'Voluptas magni earum a odio.','Iure quis voluptas nihil quia corporis. Inventore porro at deleniti. Sed omnis distinctio quo quia quia. Amet quo autem fugit at.',5439912.25,67,'http://kohlerhand.com/','1995-05-07 22:02:35','2021-01-18 21:18:16'),(68,20,'Pending',46,18,'Quis quo amet illum est.','At ducimus aspernatur officiis aut vel. Velit id eaque animi eius quidem aut fugiat. Quidem nostrum enim ratione. Aliquid saepe omnis eum et sapiente.',6775085.37,68,'http://hudsonvon.org/','1982-07-04 05:31:18','2021-01-18 21:18:16'),(69,10,'Inactive',55,29,'Quia vel quaerat consequatur ipsam aut officiis.','Odit occaecati soluta commodi voluptate voluptatem. Aperiam omnis soluta aut tempore quo temporibus sequi nostrum. Facilis sit aliquid quae sint aut.',3422473.09,69,'http://www.lemke.com/','2010-08-27 21:10:47','2021-01-18 21:18:16'),(70,90,'Inactive',37,89,'Dolores iste pariatur a earum.','Beatae esse non dolore architecto alias velit. Labore alias iure veritatis est. Dolor id quas exercitationem. Perspiciatis suscipit eius eum sed sint.',8127841.09,70,'http://kuhlman.net/','2018-01-15 06:07:53','2021-01-18 21:18:16'),(71,19,'Declined',18,59,'Id odit quis animi atque fugit.','Et repellendus ex nemo aut omnis dicta. Aperiam voluptates reprehenderit adipisci. Ut aut deserunt ut et nihil fuga.',4980133.83,71,'http://www.okunevasatterfield.com/','1983-10-20 11:20:23','2021-01-18 21:18:16'),(72,23,'Deleted',78,29,'Culpa ut consectetur sit quis.','Suscipit sint at recusandae quia quis. Maiores quia voluptatem placeat quos. Corporis voluptate aut est et aut dolor explicabo.',4086587.21,72,'http://pouroswitting.net/','1977-09-14 14:14:29','2021-01-18 21:18:16'),(73,57,'Active',36,64,'Veritatis et eum eum commodi tenetur accusamus perspiciatis.','Accusantium corporis sunt id iure et numquam mollitia aut. Maxime libero ullam neque sapiente culpa ex. Similique voluptate amet ducimus deserunt provident.',6983970.11,73,'http://www.danielgreen.com/','2002-09-12 00:37:25','2021-01-18 21:18:16'),(74,19,'Declined',45,36,'Sit quia quam facere veniam quia nihil.','Omnis at exercitationem ut animi dolorem voluptas a sed. Neque iusto aut rerum. Corrupti ipsum voluptatem perspiciatis voluptas et voluptatibus.',2660075.57,74,'http://dubuquebarrows.com/','1993-03-01 22:41:46','2021-01-18 21:18:16'),(75,20,'Inactive',19,85,'Ullam maxime neque natus totam quisquam iste totam.','Ipsum aperiam numquam commodi rerum consectetur. Ut eum non molestiae iste dolores consequatur. Voluptatem ut nemo quia vel neque itaque quos enim.',5287433.28,75,'http://gorczanymorar.com/','1996-02-22 16:03:23','2021-01-18 21:18:16'),(76,45,'Deleted',56,19,'Consectetur earum animi ea voluptatibus ut quisquam.','Sunt maiores itaque in dolorum impedit sint enim. Repellat eos blanditiis cupiditate itaque ad recusandae doloribus. At et molestiae minima.',5085003.89,76,'http://www.cartwright.com/','1987-12-03 07:59:56','2021-01-18 21:18:16'),(77,63,'Pending',25,39,'Aut at aliquid architecto fugit dolor et sed.','Error sed beatae aut ducimus facilis. Illo molestiae ut nobis omnis tenetur et officia et. Ut vel qui aut earum hic.',3898411.18,77,'http://luettgen.net/','2006-04-15 18:22:55','2021-01-18 21:18:16'),(78,79,'Declined',54,35,'Et autem amet quidem assumenda et veniam.','Non unde ut voluptatem est explicabo. Qui culpa et est amet voluptatem. Quia quo nemo eum quod odio et quas. Illo ab doloribus repellendus cupiditate blanditiis.',9412813.45,78,'http://volkmanstiedemann.com/','1982-05-24 06:14:14','2021-01-18 21:18:16'),(79,8,'Pending',95,61,'Dolorem eligendi modi perspiciatis ad.','Voluptas aspernatur commodi nihil quo. Quia similique sapiente quis voluptate ea optio quasi aliquam. Occaecati esse qui commodi.',6883721.58,79,'http://www.goyette.org/','1976-05-25 20:56:39','2021-01-18 21:18:16'),(80,100,'Declined',14,97,'Animi eos non dolor quia molestias iure.','Neque mollitia atque dolor voluptatem facilis est aliquid ipsa. Est quod vero alias ea rem unde et. Atque quam voluptatem quo explicabo. Sed quas incidunt rerum.',5018105.90,80,'http://www.halvorson.com/','2011-11-01 20:34:22','2021-01-18 21:18:16'),(81,76,'Declined',82,3,'Inventore numquam voluptates necessitatibus.','Qui eum corporis illum omnis vero id. Accusamus a fuga a voluptas quis et quis. Quaerat quod vel enim sit accusantium nam dolores.',7535177.85,81,'http://white.net/','1989-07-17 00:43:29','2021-01-18 21:18:16'),(82,78,'Inactive',67,24,'Eveniet consequatur voluptatibus doloribus ullam debitis.','Maxime et animi sunt aut exercitationem dolores nulla. Praesentium earum impedit doloremque nihil laborum rerum. Enim sed nemo sit. Non quo maiores voluptas inventore et ut.',7616883.39,82,'http://www.shields.com/','2011-07-20 08:39:00','2021-01-18 21:18:16'),(83,65,'Inactive',91,11,'Et nihil qui unde ab corrupti.','Ducimus distinctio recusandae ipsam. Eius assumenda soluta optio voluptatem. Sequi ut ut dolorem atque adipisci quas nihil. Suscipit voluptatem et ullam delectus rerum nihil.',5387847.71,83,'http://jerde.com/','2011-10-12 12:16:16','2021-01-18 21:18:16'),(84,88,'Declined',53,81,'Id praesentium neque blanditiis provident libero.','Temporibus molestias fugiat sed eum expedita. In mollitia nam et voluptatem omnis facilis. Qui hic at qui ipsam molestias inventore delectus totam.',6532722.44,84,'http://lehner.com/','2007-05-13 18:19:00','2021-01-18 21:18:16'),(85,45,'Active',93,73,'Id qui eveniet iure laudantium voluptas.','Quod eum itaque optio culpa mollitia porro ducimus. Odit iste aut et amet. Atque numquam omnis dolor sit.',2124113.40,85,'http://www.carter.com/','2005-02-23 10:01:55','2021-01-18 21:18:16'),(86,62,'Active',3,21,'Vero est et hic aliquid corporis magnam.','Quisquam laboriosam ipsum quia aliquid quo voluptate. Fugit rerum vel inventore voluptas. Consectetur velit sequi voluptatem.',1514076.33,86,'http://fisher.com/','1988-04-11 09:46:41','2021-01-18 21:18:16'),(87,71,'Inactive',38,86,'Delectus in suscipit qui perferendis eos ipsum natus.','Aut temporibus est veniam optio. Ipsam cupiditate qui omnis commodi et. Corrupti ducimus et voluptatem. Ratione ut omnis a qui tempora et.',2525862.52,87,'http://www.hickleswaniawski.org/','2004-10-08 05:11:03','2021-01-18 21:18:16'),(88,72,'Active',77,66,'Qui provident quo natus eaque.','Provident reprehenderit ducimus quia doloremque adipisci sed accusantium. Et et maiores fugit nisi voluptas. Iusto reprehenderit nam nostrum iure. Qui dolorem labore voluptas.',9667881.46,88,'http://www.bahringerpowlowski.net/','2002-06-03 21:29:56','2021-01-18 21:18:16'),(89,45,'Active',73,73,'Sed impedit commodi ut omnis dolores sit consequuntur voluptatem.','Delectus autem optio atque quia eos optio. Incidunt inventore ut tempore quos dolorem. Aliquid sed est non optio.',2158879.54,89,'http://konopelskiarmstrong.com/','2012-03-11 14:27:11','2021-01-18 21:18:16'),(90,10,'Pending',34,65,'Et ex quibusdam ducimus vel enim.','Dolores vero aut illo molestiae pariatur eveniet itaque rerum. Minima recusandae distinctio et architecto possimus fuga iusto quidem. Accusantium rerum sequi harum. Harum eius qui qui.',9528613.03,90,'http://daugherty.com/','1998-11-21 15:16:17','2021-01-18 21:18:16'),(91,12,'Inactive',49,4,'Et architecto ullam omnis et.','Veritatis error fugit repellendus similique et mollitia. Nesciunt in quasi architecto iure. Ut est nesciunt occaecati molestiae et corporis repellendus. Aut qui ducimus est iusto qui.',95922.39,91,'http://www.hansenmiller.com/','1974-07-25 11:12:21','2021-01-18 21:18:16'),(92,29,'Declined',43,27,'Veniam omnis mollitia praesentium aut.','Accusamus omnis eligendi provident occaecati autem eligendi voluptates. Dolorum commodi est dolores ut voluptatem.',6587531.26,92,'http://creminupton.info/','1984-10-17 03:55:15','2021-01-18 21:11:33'),(93,9,'Inactive',67,21,'Voluptates autem totam provident magni qui quia.','Eos nobis consequatur id non assumenda. Sint quos id eius ad quam.',6052327.61,93,'http://www.king.com/','2004-05-26 11:00:29','2021-01-18 21:18:16'),(94,58,'Deleted',7,22,'Eos dolor eligendi necessitatibus qui sit sunt.','Sed fuga beatae neque quisquam voluptatum nihil in. Illum error et mollitia cumque maiores. Provident similique non ullam nulla deleniti cum. Deleniti sit maxime amet.',1016327.03,94,'http://www.sanfordbogisich.info/','1991-05-04 02:28:39','2021-01-18 21:18:16'),(95,61,'Pending',33,48,'Consectetur eius nesciunt quis minus est consectetur.','Nostrum laudantium voluptatem non. Nesciunt voluptates optio reprehenderit minima modi et repellat. Illo officia numquam aliquam.',9711653.48,95,'http://www.legroscollier.com/','2020-05-08 21:33:00','2021-01-18 21:18:16'),(96,31,'Pending',45,73,'Ab dolore ut eius.','Consequatur velit eius minima ut ipsam. Aut rerum officiis inventore. Vel illo eligendi et est in cum dolores.',5489307.88,96,'http://langbeer.com/','1986-09-01 16:26:02','2021-01-18 21:18:16'),(97,73,'Inactive',23,21,'Amet sit ex delectus consequatur exercitationem.','Laborum qui error minus dolorem fugiat ducimus delectus. Dignissimos dolores maxime recusandae placeat officia. Id esse ipsum dolor sit ut rerum. Repudiandae placeat facilis repellat eum.',6625350.04,97,'http://www.stracke.com/','1970-11-13 06:03:04','2021-01-18 21:18:16'),(98,72,'Pending',79,87,'Alias nihil ut dolorem eum quaerat.','Accusamus earum est enim. Adipisci non eum veniam maxime odio aut. Voluptatum adipisci delectus debitis repellat voluptatem consequatur. Tempore quidem quaerat similique explicabo qui.',556490.56,98,'http://www.daugherty.net/','1973-11-19 15:27:16','2021-01-18 21:18:16'),(99,39,'Deleted',27,70,'Tenetur ea sapiente illo nesciunt voluptatem aut distinctio.','Qui consequatur minima quia harum recusandae consequatur aliquid. Fuga qui magni aut. Nam molestiae voluptatum occaecati in fuga. Ullam et aspernatur expedita id minus.',7350486.73,99,'http://www.conn.com/','2006-08-22 13:03:58','2021-01-18 21:18:16'),(100,79,'Pending',96,89,'Possimus praesentium amet blanditiis omnis.','Et eveniet nihil optio nesciunt impedit. Aliquid ut eum ducimus eveniet. Unde dolorem sapiente ex aut qui eligendi accusamus.',7105633.13,100,'http://wunschmcdermott.com/','1995-02-23 08:02:23','2021-01-18 21:18:16'),(101,47,'Active',1,1,'Amet sit ex delectus consequatur exercitationem.','Minus explicabo similique aliquid ea eaque. Odit impedit consequatur perspiciatis accusamus. Dicta beatae est placeat velit. Occaecati adipisci eligendi tempora voluptatibus.',1000.00,55,'http://www.bartallomeo.biz/','2021-01-18 21:17:04','2021-01-18 22:04:44'),(102,93,'Pending',4,94,'Voluptas vero atque nisi sint.','Eum esse nihil explicabo id. Ducimus aspernatur consectetur voluptas voluptatem quaerat quos non. Autem pariatur ad repellendus quia similique ut.',9471020.02,91,'http://www.hoegerdouglas.com/','1997-06-02 15:58:29','2001-06-01 06:17:35'),(103,72,'Inactive',92,8,'Provident eum harum laudantium sunt et temporibus nam consectetur.','Occaecati dolor recusandae dolorum alias voluptas. Ut incidunt molestias rerum sequi. Praesentium odio odit ea voluptatem. Debitis earum nam distinctio et ad nesciunt.',5675420.59,25,'http://macejkovic.com/','1996-05-06 00:17:15','1980-08-20 08:30:19'),(104,78,'Inactive',55,7,'Doloremque voluptas laboriosam magni accusamus magnam.','Sed dolore error consectetur. Ipsa molestiae aspernatur exercitationem voluptatem magnam porro. Sint laboriosam beatae tenetur consequuntur quia.',7686679.79,71,'http://veum.com/','1976-05-26 00:08:28','2009-11-16 04:27:44'),(105,5,'Inactive',31,44,'Delectus quae aliquid perspiciatis nesciunt et culpa quisquam.','Eos est maxime est eius voluptatum soluta. Iusto eligendi eos et ab ea et. Adipisci similique nihil dolore architecto facere voluptatem nesciunt laboriosam.',1931949.00,21,'http://carroll.com/','1987-05-27 01:49:06','2000-10-08 09:46:15'),(106,75,'Inactive',76,21,'Quia pariatur dicta suscipit eos corporis distinctio.','Dolorem mollitia consequuntur dolor ratione. Et officia itaque similique deleniti. Corrupti adipisci voluptatum occaecati. Magni et alias quo aperiam.',9854515.84,61,'http://barrows.com/','1995-02-05 23:13:36','1973-05-23 15:15:39'),(107,48,'Declined',26,80,'Eligendi quia voluptas est delectus dolores a voluptas.','Aperiam a excepturi non ipsum soluta in culpa. Sed consequatur sit nobis ut laboriosam. Fugit rerum alias et laborum quo quia ea.',7273261.32,33,'http://prosaccoweissnat.com/','2012-10-02 20:14:50','2003-03-12 20:02:28'),(108,99,'Deleted',2,43,'Consequuntur ad ut tempora similique voluptatem fuga aut accusantium.','Autem ut error ea dolorem totam suscipit ducimus fuga. Placeat quis molestiae quia saepe totam culpa tempora vero. Ut ut dolores porro consectetur sint nulla.',1194936.00,31,'http://watsica.com/','2015-05-22 02:10:11','1971-10-11 21:45:29'),(109,27,'Declined',53,6,'Quidem architecto alias ipsa fugiat dolore quibusdam.','Ut doloribus quibusdam quo ut et quo. Expedita sint rem alias magni expedita laudantium inventore aut. Voluptatem sint eum rem sit ipsum.',4003917.66,61,'http://www.streich.biz/','2004-02-05 13:36:53','2003-06-01 23:51:18'),(110,19,'Active',84,68,'Sequi quod dicta omnis eos.','Fugit et error sunt sed. Vel illum delectus voluptatem corrupti ea voluptatem. Ab id et illum doloribus magnam placeat. Nisi eligendi corrupti voluptate quis temporibus.',6312647.90,95,'http://www.collinsrobel.com/','1988-02-28 13:13:44','1984-09-22 15:31:24'),(111,16,'Deleted',53,19,'Adipisci aliquam eaque nisi qui qui sit natus.','Minus explicabo similique aliquid ea eaque. Odit impedit consequatur perspiciatis accusamus. Dicta beatae est placeat velit. Occaecati adipisci eligendi tempora voluptatibus.',9763922.00,70,'http://bergnaum.com/','1991-06-26 05:25:16','1992-09-27 08:35:22'),(112,30,'Active',8,24,'Est qui aut doloremque aut beatae.','Officia quo molestiae aperiam ut dolor autem. Tempore rerum maiores voluptate corrupti laudantium dolorum. Omnis sit explicabo veritatis perspiciatis.',8432672.44,65,'http://www.champlin.org/','1993-03-22 12:24:15','1987-03-04 16:27:48'),(113,3,'Declined',43,73,'Aliquid earum quas necessitatibus qui velit.','Dolore nihil quae facilis dolore. Expedita ut illum magnam autem vitae ea. Quas veritatis quia asperiores qui.',633493.95,41,'http://www.volkman.info/','2007-12-04 13:28:54','2008-03-09 09:10:00'),(114,72,'Deleted',80,53,'Ut facere officiis nulla non impedit quam ut.','Nulla quidem commodi soluta aut non porro. Esse et aspernatur omnis.',5388779.97,77,'http://mohr.com/','1980-10-06 23:20:18','2020-11-13 03:49:58'),(115,96,'Inactive',28,41,'Fuga ad maxime sed aut.','Accusamus quisquam laboriosam expedita alias mollitia. Eum corrupti culpa autem exercitationem. Minima autem architecto in ullam dolores repellendus inventore. Rem nam tempore facilis sit quia.',8487958.54,5,'http://ritchie.com/','2000-09-03 03:22:27','2014-04-13 10:57:17'),(116,34,'Active',27,60,'Consectetur commodi nostrum qui atque dolorum.','Provident ullam ducimus occaecati fugiat eum et provident. Eveniet nemo sint id ab. Animi nihil est voluptas nostrum ipsum omnis. Nam et qui dolorem sed.',3843323.13,53,'http://www.kautzer.com/','1990-04-14 04:03:34','1999-06-04 01:42:11'),(117,12,'Deleted',45,29,'Nulla enim quibusdam illum vitae.','Ad eum mollitia aut mollitia quaerat ea. Corrupti ipsam aut aut ipsam. Consequatur qui in aliquid repellat perferendis rerum hic. Voluptatum et nostrum exercitationem enim adipisci ea.',9246601.68,61,'http://aufderhardonnelly.org/','1983-07-02 15:14:33','1984-12-27 04:39:14'),(118,81,'Declined',26,51,'Rerum nostrum omnis quaerat qui.','Minus ut ea soluta et. Sed occaecati numquam veniam laudantium. Possimus qui est inventore quaerat odio nihil aperiam harum.',1354291.50,21,'http://www.bayercole.info/','2017-09-29 00:37:23','1996-01-07 07:57:09'),(119,97,'Deleted',25,51,'Quasi omnis consequatur nisi.','Ut sequi et inventore aut quas quia. Id quia architecto nostrum laudantium. Et voluptatum veniam et qui consequatur sed iure repellendus.',8538849.21,21,'http://haagdickens.info/','1989-02-15 07:26:54','2009-12-11 05:38:41'),(120,41,'Declined',37,32,'Sed maxime dolor at quo rem.','Qui quam quia omnis alias optio ea. Optio voluptate minus est pariatur maxime enim quos. Minima aliquid sit placeat quis voluptas deserunt.',1886077.00,64,'http://www.reichel.com/','1975-08-25 09:10:50','1978-07-27 02:27:02'),(121,50,'Deleted',85,22,'Eveniet dolorum ab magni ut temporibus error.','Iste mollitia non aut ut. Necessitatibus dolorem autem nostrum libero pariatur. Alias nesciunt itaque sed tempora quam sint non. Nihil reiciendis a similique occaecati non mollitia vero.',1598107.87,74,'http://breitenberg.com/','1999-12-23 04:31:04','2005-10-30 07:26:33'),(122,89,'Inactive',33,81,'Quo quis natus est natus quidem.','Voluptate quae qui rerum tempora non optio id. Accusantium vitae odio natus accusantium placeat commodi molestiae occaecati. Asperiores qui tempora similique sit.',1752250.86,38,'http://kshlerindeckow.com/','1979-01-08 03:28:23','2009-01-25 07:30:46'),(123,76,'Active',54,4,'Eius non non ut doloremque cum corrupti.','Aut fugiat cupiditate sunt optio consequuntur. Unde et facilis aspernatur architecto ut rerum adipisci sunt. Voluptatem in repellendus eos totam aut possimus sequi non.',7465220.16,19,'http://www.rowekub.org/','2007-11-25 20:29:14','2017-09-07 08:35:56'),(124,94,'Inactive',92,86,'Facilis magnam et est.','Ut quaerat earum est ut. Eveniet similique rem blanditiis odit. Vel eum officiis et et maxime velit asperiores reiciendis. Libero placeat consequuntur quod qui exercitationem.',2160635.48,29,'http://www.rogahn.net/','2015-10-06 23:23:18','1986-12-12 23:42:38'),(125,39,'Pending',14,68,'Minima optio enim minus natus nulla.','Sed aspernatur consectetur voluptate. Id fugit et minima et soluta dolorem sint. Et est quia vel. Excepturi non nulla eos quis perspiciatis asperiores dolore. Natus rem delectus iure vero fugiat.',8753042.04,39,'http://www.durgan.info/','1993-06-01 08:57:45','1970-09-12 18:32:24'),(126,7,'Deleted',21,36,'Libero perspiciatis sapiente vel quis ipsa cum.','Dolor quam excepturi repellendus nisi. Ea cupiditate dolores non neque sint ea assumenda. Id quibusdam animi et et repudiandae. Quod atque doloribus rerum non sit.',7469111.31,16,'http://feeney.com/','1975-02-21 23:45:02','1983-09-16 23:54:37'),(127,14,'Deleted',14,58,'Deleniti et sunt dolor quidem et earum quae.','Exercitationem hic officiis eum autem molestias facilis. Itaque et totam esse commodi. Consequatur nihil dolores officiis non eligendi optio. Assumenda cum autem omnis qui fugit hic.',1142509.23,99,'http://www.simonis.com/','1984-03-31 02:00:09','2020-02-26 15:50:08'),(128,82,'Active',74,75,'Ea iusto tempora velit in aut.','Voluptatem esse iure deserunt ut qui explicabo omnis. Exercitationem fugit omnis velit qui voluptatem voluptas. Qui reprehenderit sit provident. Quod et dicta et rem tempora quidem.',1615522.62,41,'http://fritschkessler.com/','1998-11-10 00:17:24','2006-02-18 13:06:56'),(129,9,'Declined',20,76,'Labore id aut ex qui.','Voluptatem dolore et nobis velit qui aut ut enim. Aut atque magni veritatis aut aut repellat. Modi voluptas quia velit libero qui nemo autem.',6293075.03,6,'http://stamm.org/','2004-11-11 19:03:18','2007-11-17 10:06:52'),(130,74,'Declined',43,54,'Et minima corrupti neque ipsum ipsam odio et laborum.','Voluptas pariatur facilis soluta perferendis ipsam qui. Debitis omnis qui dolores. Cumque consectetur excepturi debitis. Ut dolor fugiat aut ex.',2382089.05,20,'http://www.mitchell.biz/','2007-07-29 10:02:33','2000-11-25 09:42:31'),(131,73,'Declined',50,24,'Repellat ducimus consectetur nisi exercitationem voluptatem.','In quasi dolore est temporibus velit praesentium sed fugiat. Et est eum omnis est voluptatem laboriosam rerum. Fugit laudantium inventore id rem optio culpa quae tempore. Ut vel cupiditate cumque.',541249.00,44,'http://waters.info/','1971-10-27 05:22:29','1980-07-10 21:04:40'),(132,36,'Declined',72,26,'Saepe illo ut consectetur ipsam perferendis.','Fugiat quos et assumenda ut in in explicabo. Nemo ut qui consequatur optio quasi natus magnam. Voluptate quo consectetur aut et ut rerum.',4955172.37,9,'http://www.wilkinsonrowe.com/','1975-09-23 18:03:49','2013-04-22 02:18:03'),(133,43,'Deleted',6,79,'Porro qui voluptas atque eaque nostrum voluptate.','Non et quibusdam quo asperiores nostrum omnis. Velit est qui aspernatur repellat ea. Omnis nemo ut ea voluptatem. Et fugiat velit saepe voluptas itaque quaerat ut necessitatibus.',5715814.52,63,'http://trantow.com/','2019-07-08 14:15:20','2018-12-13 21:08:39'),(134,36,'Declined',11,100,'Et sit ut minus.','Ex quo ut quae. Tempora qui reprehenderit accusantium molestiae. A corrupti temporibus unde ex. Et maxime recusandae officia non.',7893630.58,55,'http://www.koss.info/','2014-01-21 07:51:31','2015-10-19 09:36:33'),(135,27,'Inactive',20,2,'Quis vel aliquid natus fugit aut.','Enim aut saepe voluptates harum blanditiis repudiandae odit. Totam aut accusamus facere quibusdam repellat.',9539009.00,3,'http://senger.com/','1999-11-01 11:21:42','1987-09-06 22:40:54'),(136,97,'Inactive',77,51,'Amet laboriosam est et praesentium aliquam.','Saepe sequi nesciunt blanditiis est. Quis repellendus quasi eius sed ea quis ducimus. Est aliquid quod sint odit.',1118118.91,85,'http://www.reichertcorkery.org/','1998-02-04 13:52:45','1992-07-13 23:07:31'),(137,92,'Inactive',97,37,'Delectus earum perspiciatis explicabo quod provident.','Corrupti nobis molestiae aut aut est ut. Repellat perspiciatis amet sed saepe corporis nihil. Nihil quibusdam consectetur aut. Ratione sint vero iure.',5970180.76,27,'http://www.heidenreichtromp.biz/','1992-06-17 10:11:50','1997-07-30 08:15:42'),(138,31,'Deleted',64,72,'Molestias odit fugiat quo voluptatibus iste.','Et iste id aut eligendi. Sequi vel voluptates ut sed ducimus accusamus repellendus dolor. Aliquid et facere hic optio tenetur est reiciendis est.',7431045.98,4,'http://morissette.net/','1984-09-07 23:08:40','1978-12-08 11:38:18'),(139,55,'Pending',14,5,'Voluptates enim facilis reprehenderit dignissimos explicabo cumque.','Sunt itaque vitae dolore modi. Ex dignissimos voluptates est. Nobis provident blanditiis quis ex corporis dolor ullam.',379139.01,14,'http://www.hoppe.com/','1995-09-24 17:56:28','1999-08-28 07:07:44'),(140,99,'Declined',60,26,'Repellat dolorem culpa eum quod.','Ea commodi ut id non fugit fuga qui et. Error quos velit est laborum ratione. Minus perspiciatis neque omnis nisi et.',6007558.64,60,'http://www.collier.com/','2020-11-17 11:06:06','1983-08-18 13:44:39'),(141,85,'Declined',13,13,'Sit nostrum consequatur consequatur alias vitae.','Qui dolores voluptatem totam amet quia sed. Dolorem eaque laboriosam ut eos. Ab debitis fuga nihil tempora sequi.',9960235.00,92,'http://hand.com/','2017-02-20 10:25:01','1999-05-22 14:45:15'),(142,82,'Active',96,56,'Accusamus aspernatur et ex perferendis dolor.','Consequuntur illum voluptatem tempore quam est. Sunt suscipit tempore sit blanditiis eum sit. Reprehenderit velit maiores est.',7286066.35,26,'http://tremblaycarter.net/','1990-04-26 18:18:56','2009-11-30 18:22:29'),(143,18,'Active',4,61,'Beatae ducimus ullam aut consectetur pariatur magni.','Corporis rerum ad eaque ut tempore. Occaecati voluptates mollitia quis adipisci officiis quaerat aut. Et rerum laboriosam quis eligendi.',297007.88,45,'http://www.hoeger.biz/','1982-11-19 14:31:18','2011-09-23 18:45:45'),(144,62,'Pending',28,11,'Ut nemo nobis sit earum non.','Non culpa et ex culpa. Alias aut omnis eos quidem molestias assumenda. Nihil corrupti similique error similique. Esse non dicta rem aliquid et iste explicabo.',6719552.54,79,'http://www.robel.biz/','1979-10-12 09:06:44','2013-07-27 16:39:52'),(145,91,'Declined',19,22,'Quis repudiandae veniam expedita autem labore.','Laborum architecto dolorem qui est voluptas laborum voluptatem. Est voluptas sunt amet tenetur ut. Voluptate harum sit ea.',4316614.22,6,'http://www.rodriguez.com/','1991-11-12 04:23:59','2020-02-23 15:07:20'),(146,93,'Declined',97,6,'Labore voluptatem molestiae et error ratione ut.','Ad exercitationem id qui at magni laudantium. Et ut possimus saepe nam et.',2289354.68,73,'http://www.langworth.com/','1979-04-30 08:15:28','1985-05-14 14:40:54'),(147,25,'Deleted',6,82,'Sint deleniti excepturi molestiae harum voluptatum.','Ea nihil totam tenetur est. Est et eveniet occaecati. Laudantium voluptatem accusantium cum ut repellat consequatur voluptas cupiditate.',6385361.79,75,'http://schmidtkeebler.biz/','1982-08-11 11:43:34','1977-10-29 07:07:23'),(148,16,'Deleted',21,53,'Vel porro laboriosam molestiae.','Eum et pariatur aut eum. Nostrum molestias ipsam fuga est velit. Dolorem qui veritatis vel rerum suscipit.',8682512.38,30,'http://www.krajcik.net/','1979-06-10 09:10:15','2002-07-30 09:06:15'),(149,84,'Declined',61,88,'Atque commodi minima omnis ea aut doloribus itaque.','Exercitationem nam est laborum ut voluptas. Similique quae laudantium aliquid unde. Nulla in optio architecto occaecati fugit earum ipsum. Ipsa aut sed magnam.',8470531.15,98,'http://jenkinsmante.com/','1989-01-30 16:12:03','1970-10-10 17:19:48'),(150,92,'Inactive',97,30,'Non placeat veritatis recusandae culpa.','Explicabo dolor a atque. Laboriosam recusandae odit rem. Aspernatur voluptatem nesciunt ut placeat. Consequuntur at dolore voluptas id.',8137115.00,28,'http://sporerschumm.com/','1987-09-11 06:02:53','1989-08-18 23:55:14'),(151,90,'Deleted',71,91,'Tempora dolor eum repellendus consequatur non iure et.','Minima error reiciendis sint incidunt sequi possimus libero. Itaque qui facere minima est accusamus beatae ab dolorem. Optio omnis blanditiis laudantium.',8952769.70,91,'http://haleybaumbach.com/','1982-09-02 07:27:09','1974-09-24 21:53:10'),(152,84,'Declined',21,81,'Aut dicta dicta illum optio reprehenderit.','Deserunt ut ut amet occaecati et sunt. Ipsam saepe aspernatur quidem numquam provident numquam tempora. Perferendis ipsam et et. Magni dolor deleniti ut excepturi laboriosam.',6252672.00,54,'http://schowalter.biz/','1986-09-07 12:03:02','1988-10-18 17:39:38'),(153,4,'Deleted',58,50,'Adipisci necessitatibus ea quaerat quod et dolor.','Tempora voluptatum omnis et iure molestias atque sit. Dolorem ipsa provident ipsam ipsum doloremque. Culpa ullam sed id aut error ab magni. Officiis a quia non.',1930327.03,50,'http://www.pouros.com/','1973-09-04 07:30:20','1998-12-02 05:32:29'),(154,65,'Pending',95,11,'Exercitationem fugiat est soluta nesciunt doloremque veniam id.','Minima expedita eum eligendi consequuntur quia. Corporis quia aspernatur rerum incidunt quae qui totam. Non qui expedita aspernatur ad. Minima quas earum est quod cumque aut.',4580984.51,48,'http://www.hettingergoyette.com/','1972-05-04 11:00:13','1976-01-05 02:46:35'),(155,73,'Pending',45,66,'Voluptatum ea laudantium consequatur consequatur eaque rem.','Iste labore et omnis et modi ab velit. Debitis fugit occaecati qui aut consequatur. Harum natus facilis consequatur ut omnis dolores. Doloribus hic eos repudiandae est.',3759312.58,50,'http://www.douglas.net/','2004-01-25 12:06:55','1975-12-29 06:47:08'),(156,55,'Declined',68,45,'Aut et ut hic hic mollitia alias.','Iste ut esse quia voluptates quia. Voluptas asperiores eos reiciendis odit ipsam. Voluptatem quidem cupiditate laborum eaque expedita et et. Quis dolorem et in debitis quam commodi quia.',8865856.00,42,'http://www.keebler.com/','2008-07-09 18:25:05','1985-05-28 03:02:03'),(157,19,'Pending',45,89,'Debitis earum voluptatem voluptatem rerum sunt est.','Fugiat illo optio ipsa repellat cum velit. Nemo ea neque laboriosam quae rem tenetur illo. Eum quam earum dicta quia quia temporibus. Numquam ut quidem eligendi sed exercitationem in.',9687856.46,98,'http://bechtelar.com/','1981-04-17 07:31:05','2019-06-27 21:19:30'),(158,3,'Active',27,55,'Nobis fugiat saepe delectus.','Velit corporis vel quo inventore accusamus ut. Amet inventore nisi quidem aut maxime earum voluptatem. Voluptate saepe est quo.',6725008.03,45,'http://www.smith.com/','2007-12-17 13:51:51','2010-11-12 17:00:39'),(159,100,'Active',40,14,'Qui modi consequatur rerum et totam aliquam.','Sed id facere nostrum sed ratione. Facere et eos nam voluptas ipsum labore cum. Voluptas perferendis eos distinctio voluptate. Est error explicabo numquam minima facere.',299545.60,8,'http://dubuqueschiller.com/','1981-11-14 06:57:27','1991-01-16 16:49:17'),(160,3,'Deleted',95,44,'Quisquam enim exercitationem et sint.','Nulla rem aut ad at esse. Aut consequatur magnam iste.\nNulla modi aut est voluptatem sed. Autem facere facere commodi deserunt. In qui consequatur magnam consectetur.',7155814.19,79,'http://www.friesen.info/','1978-07-02 11:52:59','2000-12-14 20:30:27'),(161,4,'Declined',25,90,'Error quia at voluptatum nostrum nostrum ratione aut.','Est quis fuga molestias quibusdam cumque. Quod laudantium voluptatem aut explicabo quasi praesentium illo. Nulla omnis hic qui provident. Omnis aut ipsum natus est et.',5822585.23,33,'http://www.hoegerjohnson.org/','2003-02-08 05:17:38','2001-05-05 01:15:43'),(162,83,'Deleted',17,91,'Voluptate rerum adipisci architecto.','Ut magni omnis eligendi quia voluptate. Culpa sint quasi sed illum officiis hic. Libero vero quasi est deleniti saepe. Nostrum non suscipit dolorem quo quae.',2745447.19,90,'http://www.mckenzie.com/','2001-10-19 00:01:34','1976-07-20 13:06:03'),(163,44,'Inactive',75,21,'Fuga dolorum expedita perferendis exercitationem qui distinctio consequatur.','Perferendis et aperiam sint id. Autem ipsa sed velit ut id. Inventore maxime aliquam et numquam. Cupiditate atque a voluptates temporibus.',3658789.00,17,'http://www.gibsonhamill.com/','1994-07-26 02:03:00','2004-09-24 22:20:22'),(164,98,'Active',77,24,'Nisi voluptates nihil id ullam.','Sunt repudiandae hic ad delectus quia quasi. Officiis et tempora est aliquam. Laboriosam quam repellat velit aliquid. Ea quo ut provident et.',1805054.13,69,'http://www.schummbradtke.com/','1979-03-22 05:24:55','2008-10-29 09:36:38'),(165,83,'Deleted',73,21,'Possimus ea laudantium qui.','Est porro necessitatibus omnis ut. Repellendus labore sint sit ad nihil non recusandae. Expedita adipisci unde accusantium magni aut.',8437275.00,2,'http://emard.com/','2006-11-22 19:27:00','1991-10-31 18:47:19'),(166,19,'Pending',6,45,'Voluptatem enim et id pariatur autem rerum blanditiis nesciunt.','Similique porro in quod enim doloribus ex. Doloremque culpa quia nihil ducimus. Vero esse mollitia architecto beatae quia ut. Non ut natus aut exercitationem fugit praesentium.',6461754.86,63,'http://www.lynch.com/','1990-06-01 07:37:39','1988-03-12 02:15:53'),(167,46,'Pending',93,9,'Suscipit odio consequatur ut vel qui et.','Tenetur facilis molestiae facere consequatur. Ullam consequatur aut quaerat commodi dolores tempora rerum. Ipsam velit aut error voluptas dolor rerum. Quo et iste a atque.',6713568.26,90,'http://borerquitzon.org/','1984-08-10 16:23:11','1971-08-22 18:51:18'),(168,3,'Deleted',44,70,'Vel consequatur tempore occaecati quisquam mollitia quos.','Fugit rem repudiandae aliquam. Placeat reiciendis optio distinctio natus. Voluptate nam eius numquam minus voluptate enim.',3752418.85,91,'http://weimann.com/','1990-09-01 13:36:15','2014-09-04 21:47:50'),(169,54,'Active',83,1,'Unde rerum quod doloremque iure.','Impedit ab temporibus dicta quae quisquam ut vitae et. Ipsam et sunt dicta qui rerum quae est. Qui rem in cum et.',1294165.00,71,'http://www.langworth.com/','1999-02-13 11:34:37','1980-09-13 23:35:21'),(170,70,'Pending',52,32,'Odio saepe eaque ipsum velit at qui vero.','Ullam pariatur est nisi expedita eos. Repudiandae facilis dicta id quidem saepe. Enim quas autem quod aliquid ut. Eos neque error quisquam dolore.',1416793.19,31,'http://www.brekke.biz/','1970-06-06 02:57:59','1996-09-26 17:20:20'),(171,27,'Active',69,71,'Ut est magnam commodi.','Eum quia velit aliquam perferendis. Et saepe dolores modi. Eaque et enim reiciendis quis non voluptatem ut enim. Incidunt recusandae quaerat ut et sit odio autem unde.',4382467.73,72,'http://www.boscolesch.net/','1993-12-18 11:16:32','2004-04-17 01:57:41'),(172,31,'Deleted',58,79,'Fuga voluptate alias earum consectetur ab qui et.','Corrupti harum omnis modi in. Omnis qui vel facere delectus consequatur iure. Non rerum illum alias.\nAut et ut aut quia blanditiis quia quo. Rerum ipsum facere unde eos. Est dolor et sunt beatae.',7931412.00,57,'http://www.streich.org/','2016-01-26 06:56:51','2006-11-20 11:08:53'),(173,31,'Pending',82,40,'Quia ut corporis ipsa similique ipsam suscipit iste.','Itaque corporis libero voluptatem accusantium optio modi eum. Expedita voluptates distinctio neque eveniet quia. Veniam placeat fugiat vitae molestiae.',7965575.11,39,'http://douglas.com/','2017-02-05 22:12:05','2006-09-03 17:14:49'),(174,16,'Inactive',35,91,'Enim unde aut molestias ab ea.','Nostrum maiores itaque tenetur assumenda velit. Fugiat non omnis voluptas qui voluptatum.',3242562.79,92,'http://homenick.com/','1980-03-05 12:31:59','1983-07-30 03:50:46'),(175,43,'Deleted',26,34,'Incidunt enim quia earum.','Alias quia molestiae quia et. Quisquam aspernatur deserunt eum rerum quia. Molestias harum et dolores ullam ut. Quo saepe dignissimos quod.',5441002.95,14,'http://rodriguez.com/','1996-11-06 20:51:44','2010-10-23 15:59:00'),(176,81,'Active',59,79,'Aut est voluptas impedit consectetur dolores fuga.','Voluptatem quis tenetur quis qui aliquid non error. Sed numquam est illum est repellendus maxime est. Repudiandae deserunt blanditiis praesentium recusandae.',4743486.20,11,'http://cassin.info/','1985-12-03 14:53:37','1992-08-04 10:46:53'),(177,5,'Declined',51,92,'Est atque quisquam ut id dolores ut iusto quo.','Ex rerum voluptatem in quas possimus. Eum ipsum magnam ab officiis. Cumque iusto voluptas recusandae omnis ducimus accusantium. Voluptas voluptatem molestias voluptate optio omnis aut aliquid totam.',68859.77,12,'http://www.lefflermorar.com/','1996-07-26 05:48:00','2003-01-11 10:13:12'),(178,55,'Inactive',96,87,'Ut deserunt alias sed porro pariatur quisquam.','Quam et laudantium ea iusto aut. Nisi eum dolorem expedita sunt sit ut molestias. Quia omnis sint sed sunt tempora quis. Qui molestias tempore officia perspiciatis.',1563520.36,59,'http://www.walter.com/','2001-11-04 17:01:50','1970-04-24 07:11:24'),(179,97,'Pending',33,67,'Pariatur fugiat laborum aliquid qui.','Consequatur beatae fugit itaque voluptas sed fuga officia. Dolorem molestiae impedit aliquam alias laboriosam. Sed sed dolore ut aliquid in. Et corrupti repellat nulla nemo.',2727794.76,94,'http://corkery.info/','1980-04-03 05:28:33','1977-09-12 20:25:39'),(180,75,'Active',41,33,'Quo quis laborum a aspernatur cupiditate nihil blanditiis.','Ea laborum debitis dolore iusto nemo. Beatae sit expedita molestias. Dicta est delectus vel ab magni laborum ducimus veritatis. Unde et illo eaque eaque commodi sit iure.',2235563.20,52,'http://davis.com/','2015-11-25 17:41:36','2017-09-01 20:57:53'),(181,10,'Active',64,57,'Quia qui porro doloribus est sequi deleniti aut voluptatem.','Voluptas quaerat itaque aliquam. Facilis aliquam voluptatem natus aperiam inventore ipsam.',1410925.20,79,'http://reingermedhurst.com/','1990-04-23 12:42:10','2007-07-16 20:16:38'),(182,31,'Inactive',46,30,'Facere animi omnis nam vel laboriosam neque eveniet.','Harum maiores et nemo in aut. Architecto accusamus soluta quaerat sint tempore quae optio. Vel voluptatum beatae in odio saepe.',1488095.40,86,'http://www.hyattblick.info/','1975-03-19 16:33:59','1993-04-24 01:56:51'),(183,47,'Inactive',63,6,'Explicabo quasi quas sapiente quibusdam excepturi inventore ex voluptate.','Consequatur eius esse voluptatem magni exercitationem. Quas ut rem id voluptas ut at. Voluptatem dolores aperiam odio itaque doloribus. Earum quos et est odio non.',5399573.25,83,'http://kesslernicolas.com/','2013-04-16 14:37:55','2015-12-08 12:42:14'),(184,62,'Pending',40,5,'Sit in harum dolorem voluptatum.','Aut reiciendis maxime placeat commodi nemo consequuntur. Iure rerum maxime quod qui sunt incidunt. Totam sint consequuntur sed qui voluptatem eos facere aut.',1613587.45,26,'http://maggio.com/','1993-06-08 09:31:43','1990-08-28 05:18:41'),(185,44,'Deleted',57,25,'Delectus dolorum qui quidem.','Perspiciatis quia perspiciatis doloremque inventore aspernatur sed. Atque consequuntur deserunt qui. Voluptatem iste aut et. Iusto iure est et quia beatae ipsum.',3255072.06,24,'http://www.parkerreichel.com/','1980-11-20 02:55:30','2020-04-09 18:25:33'),(186,26,'Deleted',77,86,'Nihil et voluptatem ratione et ut velit velit delectus.','Culpa labore consequatur perferendis officia. Facilis ut officiis voluptatem. Est asperiores ut quaerat necessitatibus. Quisquam fugit cumque exercitationem ipsa aperiam nihil sequi.',3230450.55,19,'http://www.krisskiles.com/','2013-01-22 03:30:55','1982-08-30 08:55:29'),(187,53,'Deleted',12,46,'Laudantium blanditiis et esse adipisci quasi.','Eius assumenda autem nihil repellendus ut nesciunt nulla et. Debitis fuga facilis quia quae consequuntur. Iste eos aspernatur velit placeat voluptatem minima.',8941405.00,81,'http://www.rogahncummings.biz/','1986-04-21 12:31:34','1973-06-10 15:34:27'),(188,91,'Pending',85,51,'Minus iusto laborum qui.','Esse rem dolor sapiente earum in. Aliquam neque repellat eos quia quas aspernatur qui placeat. Ea blanditiis officiis sed architecto laboriosam aut. In ea placeat dolor saepe nesciunt autem.',3845160.00,6,'http://www.ondricka.com/','2009-03-22 07:05:51','2006-10-12 18:58:41'),(189,59,'Active',23,33,'Eligendi velit quisquam minus sint.','Quas quidem dicta corrupti aliquam illo. Neque eligendi soluta minima. Qui autem repudiandae aut.',6399444.40,32,'http://www.thompson.org/','2002-10-31 06:00:40','1987-02-01 10:08:23'),(190,26,'Declined',27,95,'Ea est nihil quo.','Similique fugit sunt voluptatem delectus. Et voluptatem ut eos eveniet dolorem. Voluptas delectus rerum rem repellat qui quaerat magnam eum.',7026675.83,41,'http://www.upton.net/','2005-06-25 07:13:39','1997-12-24 20:08:35'),(191,81,'Inactive',45,44,'Mollitia et porro est vitae.','Esse consequatur enim et sunt quidem. Quia dignissimos expedita dolore dolorum eos et.',8966041.78,47,'http://www.hoegerweissnat.info/','2011-11-20 18:03:32','1993-02-22 09:19:33'),(192,13,'Active',37,23,'Mollitia qui ea mollitia ut amet consequatur aut odio.','Ratione voluptatem sed porro repellat harum consequatur. Corporis est laudantium iusto minima aut commodi. Animi eveniet cum labore est quia omnis omnis.',1528491.75,8,'http://lehnermarquardt.com/','2005-07-19 04:41:22','1980-04-20 15:40:11'),(193,97,'Pending',56,29,'Odit sunt aut suscipit sunt quia sapiente saepe.','Voluptate asperiores facilis aspernatur vitae dicta voluptas alias maiores. Impedit fugiat reiciendis ut id est repellat debitis officiis. Ipsa voluptatem repudiandae soluta provident.',6719952.00,5,'http://mitchellcole.com/','2011-01-06 11:48:55','2000-05-28 10:02:57'),(194,66,'Active',97,20,'Et qui amet qui repudiandae asperiores vel et.','Modi qui et enim rerum eligendi qui. Excepturi eum est cumque aut sed. Qui quod quod in.',7055721.10,19,'http://www.trantow.net/','1995-08-18 06:07:45','2008-09-09 09:38:25'),(195,22,'Deleted',97,3,'Et eos excepturi deserunt.','Maiores iste tenetur odit ullam nam ad. A hic illum molestiae omnis distinctio quo. Repellat praesentium corporis voluptatum aperiam nihil vitae. Quis dolorum aut dolor.',5588327.81,93,'http://conntremblay.biz/','2009-02-19 07:46:59','1986-04-14 07:08:46'),(196,95,'Deleted',73,73,'Est sapiente necessitatibus ad occaecati dolorem quod blanditiis.','Sed nihil possimus cum officiis aut in. Ratione sit laudantium nulla reprehenderit fugit aut. Corrupti quo tempore id. Magnam nihil enim est et asperiores velit.',1644240.24,70,'http://www.walsh.com/','1991-09-18 08:03:09','1975-01-28 20:39:26'),(197,88,'Inactive',18,78,'Iste fugit nostrum voluptates reiciendis laborum.','Ratione qui fugiat illo consequatur eius. Quidem et aut eligendi sit reprehenderit voluptates. Enim molestias dolorum labore aut quisquam. Id repellat sapiente autem minus consequatur ullam ut sint.',1599538.00,53,'http://www.frami.com/','1983-08-24 06:44:46','2007-06-02 22:33:58'),(198,33,'Deleted',27,72,'Reprehenderit ab temporibus veritatis molestiae.','Eligendi voluptatem corporis harum autem dolor quam optio sit. Unde ut odio quia quis. Alias necessitatibus ab quis deleniti aliquam.',8271410.80,88,'http://shields.com/','1975-12-16 15:49:57','2019-11-30 05:21:33'),(199,33,'Deleted',27,72,'Reprehenderit ab temporibus veritatis molestiae.','Eligendi voluptatem corporis harum autem dolor quam optio sit. Unde ut odio quia quis. Alias necessitatibus ab quis deleniti aliquam.',8271410.80,88,'http://shields.com/','1975-12-16 15:49:57','2019-11-30 05:21:33'),(200,13,'Declined',71,40,'Omnis enim molestiae et ut.','Sit maiores repudiandae ea aut nemo ut. Sint quia tempore voluptatum aut. Autem ut in voluptatem officiis pariatur ex quas. Nisi molestiae neque cupiditate a fugiat incidunt numquam.',3361164.10,65,'http://feilblock.com/','1977-02-13 00:58:19','1989-05-26 16:06:57'),(201,72,'Inactive',92,8,'Provident eum harum laudantium sunt et temporibus nam consectetur.','Occaecati dolor recusandae dolorum alias voluptas. Ut incidunt molestias rerum sequi. Praesentium odio odit ea voluptatem. Debitis earum nam distinctio et ad nesciunt.',5675420.59,25,'http://macejkovic.com/','2021-01-19 16:32:27','2021-01-19 16:32:27'),(202,72,'Inactive',92,8,'Provident eum harum laudantium sunt et temporibus nam consectetur.','Occaecati dolor recusandae dolorum alias voluptas. Ut incidunt molestias rerum sequi. Praesentium odio odit ea voluptatem. Debitis earum nam distinctio et ad nesciunt.',5675420.59,25,'http://macejkovic.com/','2021-01-19 16:37:23','2021-01-19 16:37:23');
/*!40000 ALTER TABLE `adverts` ENABLE KEYS */;
UNLOCK TABLES;
/*!50003 SET @saved_cs_client      = @@character_set_client */ ;
/*!50003 SET @saved_cs_results     = @@character_set_results */ ;
/*!50003 SET @saved_col_connection = @@collation_connection */ ;
/*!50003 SET character_set_client  = utf8mb4 */ ;
/*!50003 SET character_set_results = utf8mb4 */ ;
/*!50003 SET collation_connection  = utf8mb4_0900_ai_ci */ ;
/*!50003 SET @saved_sql_mode       = @@sql_mode */ ;
/*!50003 SET sql_mode              = 'ONLY_FULL_GROUP_BY,STRICT_TRANS_TABLES,NO_ZERO_IN_DATE,NO_ZERO_DATE,ERROR_FOR_DIVISION_BY_ZERO,NO_ENGINE_SUBSTITUTION' */ ;
DELIMITER ;;
/*!50003 CREATE*/ /*!50017 DEFINER=`root`@`localhost`*/ /*!50003 TRIGGER `adverts_insert` AFTER INSERT ON `adverts` FOR EACH ROW BEGIN  
	INSERT INTO Logs 
	(id,
	created_at,
    table_name,
    row_id,
    row_name) 
   VALUES (NULL, DEFAULT, "adverts", NEW.id, NEW.title);
END */;;
DELIMITER ;
/*!50003 SET sql_mode              = @saved_sql_mode */ ;
/*!50003 SET character_set_client  = @saved_cs_client */ ;
/*!50003 SET character_set_results = @saved_cs_results */ ;
/*!50003 SET collation_connection  = @saved_col_connection */ ;

--
-- Table structure for table `adverts_atributes_atribute_types`
--

DROP TABLE IF EXISTS `adverts_atributes_atribute_types`;
/*!40101 SET @saved_cs_client     = @@character_set_client */;
/*!50503 SET character_set_client = utf8mb4 */;
CREATE TABLE `adverts_atributes_atribute_types` (
  `id` bigint unsigned NOT NULL AUTO_INCREMENT COMMENT 'Идентификатор строки',
  `adverts_id` bigint unsigned DEFAULT NULL COMMENT 'Ссылка на объявления',
  `atributes_atribute_types_id` bigint unsigned DEFAULT NULL COMMENT 'Ссылка на атрибуты',
  `created_at` datetime DEFAULT CURRENT_TIMESTAMP,
  `updated_at` datetime DEFAULT CURRENT_TIMESTAMP ON UPDATE CURRENT_TIMESTAMP,
  PRIMARY KEY (`id`),
  KEY `adverts_atributes_atribute_types_adverts_id_fk` (`adverts_id`),
  KEY `adverts_atributes_atribute_types_atributes_atribute_types_id_fk` (`atributes_atribute_types_id`),
  CONSTRAINT `adverts_atributes_atribute_types_adverts_id_fk` FOREIGN KEY (`adverts_id`) REFERENCES `adverts` (`id`),
  CONSTRAINT `adverts_atributes_atribute_types_atributes_atribute_types_id_fk` FOREIGN KEY (`atributes_atribute_types_id`) REFERENCES `atributes_atribute_types` (`id`)
) ENGINE=InnoDB AUTO_INCREMENT=201 DEFAULT CHARSET=utf8 COLLATE=utf8_unicode_ci COMMENT='Таблица связей объявлений и атрибутов';
/*!40101 SET character_set_client = @saved_cs_client */;

--
-- Dumping data for table `adverts_atributes_atribute_types`
--

LOCK TABLES `adverts_atributes_atribute_types` WRITE;
/*!40000 ALTER TABLE `adverts_atributes_atribute_types` DISABLE KEYS */;
INSERT INTO `adverts_atributes_atribute_types` VALUES (1,1,1,'1999-12-09 13:33:31','2021-01-19 09:02:17'),(2,2,2,'1986-09-25 23:38:59','2021-01-19 09:03:47'),(3,3,3,'2002-03-25 08:02:19','2021-01-19 09:03:47'),(4,4,4,'2016-09-12 18:33:16','2021-01-19 09:03:47'),(5,5,5,'1985-02-17 19:15:09','2021-01-19 09:03:47'),(6,6,6,'2014-01-26 11:20:12','2021-01-19 09:03:47'),(7,7,7,'1998-05-09 20:27:22','2021-01-19 09:03:47'),(8,8,8,'1973-12-04 11:34:12','2021-01-19 09:03:47'),(9,9,9,'2020-10-13 14:59:34','2021-01-19 09:03:47'),(10,10,10,'2018-03-23 06:12:11','2021-01-19 09:03:47'),(11,11,11,'2000-02-23 11:29:54','2021-01-19 09:03:47'),(12,12,12,'1991-11-09 14:57:07','2021-01-19 09:03:47'),(13,13,13,'2012-06-17 21:16:17','2021-01-19 09:03:47'),(14,14,14,'2005-01-06 07:57:07','2021-01-19 09:03:47'),(15,15,15,'1999-08-20 20:21:05','2021-01-19 09:03:47'),(16,16,16,'2001-08-31 19:29:07','2021-01-19 09:03:47'),(17,17,17,'2002-08-08 06:30:15','2021-01-19 09:03:47'),(18,18,18,'2012-11-01 05:15:08','2021-01-19 09:03:47'),(19,19,19,'1972-08-20 10:55:19','2021-01-19 09:03:47'),(20,20,20,'2009-03-07 11:05:12','2021-01-19 09:03:47'),(21,21,21,'1973-04-18 19:47:55','2021-01-19 09:03:47'),(22,22,22,'1981-10-07 09:02:53','2021-01-19 09:03:47'),(23,23,23,'1984-07-17 14:40:01','2021-01-19 09:03:47'),(24,24,24,'1978-07-07 06:51:33','2021-01-19 09:03:47'),(25,25,25,'1990-10-18 10:34:43','2021-01-19 09:03:47'),(26,26,26,'1999-01-24 04:11:41','2021-01-19 09:03:47'),(27,27,27,'2010-09-23 20:24:01','2021-01-19 09:03:47'),(28,28,28,'2013-08-31 23:32:26','2021-01-19 09:03:47'),(29,29,29,'2014-03-26 16:15:24','2021-01-19 09:03:47'),(30,30,30,'2005-03-01 06:56:19','2021-01-19 09:03:47'),(31,31,31,'1989-10-03 21:07:07','2021-01-19 09:03:47'),(32,32,32,'1992-07-31 21:46:05','2021-01-19 09:03:47'),(33,33,33,'2003-06-08 00:55:30','2021-01-19 09:03:47'),(34,34,34,'1984-03-12 10:12:51','2021-01-19 09:03:47'),(35,35,35,'1986-11-23 23:55:49','2021-01-19 09:03:47'),(36,36,36,'2010-08-26 00:35:07','2021-01-19 09:03:47'),(37,37,37,'1981-09-27 19:02:39','2021-01-19 09:03:47'),(38,38,38,'2015-05-15 09:57:13','2021-01-19 09:03:47'),(39,39,39,'2006-04-16 01:58:17','2021-01-19 09:03:47'),(40,40,40,'1971-12-12 16:48:01','2021-01-19 09:03:47'),(41,41,41,'1984-10-06 08:44:58','2021-01-19 09:03:47'),(42,42,42,'2009-06-27 20:26:39','2021-01-19 09:03:47'),(43,43,43,'1978-02-09 09:44:45','2021-01-19 09:03:47'),(44,44,44,'2015-08-03 22:33:58','2021-01-19 09:03:47'),(45,45,45,'1972-10-10 01:15:00','2021-01-19 09:03:47'),(46,46,46,'2009-03-22 14:41:12','2021-01-19 09:03:47'),(47,47,47,'1978-09-21 01:42:25','2021-01-19 09:03:47'),(48,48,48,'1982-12-09 07:59:09','2021-01-19 09:03:47'),(49,49,49,'2010-05-28 20:59:14','2021-01-19 09:03:47'),(50,50,50,'2002-06-28 01:20:31','2021-01-19 09:03:47'),(51,51,51,'2020-08-21 13:07:28','2021-01-19 09:03:47'),(52,52,52,'2018-08-14 07:46:13','2021-01-19 09:03:47'),(53,53,53,'1996-08-06 19:12:05','2021-01-19 09:03:47'),(54,54,54,'2000-10-25 04:47:09','2021-01-19 09:03:47'),(55,55,55,'1981-10-02 05:46:25','2021-01-19 09:03:47'),(56,56,56,'2017-07-07 15:28:06','2021-01-19 09:03:47'),(57,57,57,'2006-12-24 19:52:46','2021-01-19 09:03:47'),(58,58,58,'2002-03-16 13:17:48','2021-01-19 09:03:47'),(59,59,59,'1999-03-23 16:56:58','2021-01-19 09:03:47'),(60,60,60,'1971-06-19 17:14:30','2021-01-19 09:03:47'),(61,61,61,'1980-10-14 17:00:27','2021-01-19 09:03:47'),(62,62,62,'2009-02-08 19:56:55','2021-01-19 09:03:47'),(63,63,63,'2000-02-27 05:15:10','2021-01-19 09:03:47'),(64,64,64,'1988-03-24 16:22:03','2021-01-19 09:03:47'),(65,65,65,'1985-06-30 16:39:02','2021-01-19 09:03:47'),(66,66,66,'1978-03-09 04:34:43','2021-01-19 09:03:47'),(67,67,67,'1993-12-10 02:06:48','2021-01-19 09:03:47'),(68,68,68,'2009-09-01 07:59:38','2021-01-19 09:03:47'),(69,69,69,'1979-08-09 17:02:28','2021-01-19 09:03:47'),(70,70,70,'1972-04-11 11:39:58','2021-01-19 09:03:47'),(71,71,71,'1971-05-20 02:25:36','2021-01-19 09:03:47'),(72,72,72,'1991-03-04 03:07:08','2021-01-19 09:03:47'),(73,73,73,'2017-08-28 23:08:51','2021-01-19 09:03:47'),(74,74,74,'1979-03-17 10:29:32','2021-01-19 09:03:47'),(75,75,75,'1993-02-17 20:24:53','2021-01-19 09:03:47'),(76,76,76,'1998-08-30 07:11:48','2021-01-19 09:03:47'),(77,77,77,'2000-08-12 11:35:48','2021-01-19 09:03:47'),(78,78,78,'2011-08-14 12:10:43','2021-01-19 09:03:47'),(79,79,79,'1994-09-19 15:36:11','2021-01-19 09:03:47'),(80,80,80,'1973-08-22 13:00:57','2021-01-19 09:03:47'),(81,81,81,'2011-02-01 04:12:35','2021-01-19 09:03:47'),(82,82,82,'2007-07-17 11:11:40','2021-01-19 09:03:47'),(83,83,83,'1993-01-04 17:43:17','2021-01-19 09:03:47'),(84,84,84,'2003-04-23 02:03:04','2021-01-19 09:03:47'),(85,85,85,'1973-09-30 03:15:03','2021-01-19 09:03:47'),(86,86,86,'1974-11-12 09:47:14','2021-01-19 09:03:47'),(87,87,87,'2014-02-23 16:57:14','2021-01-19 09:03:47'),(88,88,88,'2012-08-19 06:40:19','2021-01-19 09:03:47'),(89,89,89,'2019-05-17 03:08:58','2021-01-19 09:03:47'),(90,90,90,'1986-07-31 07:12:26','2021-01-19 09:03:47'),(91,91,91,'1972-09-20 18:40:49','2021-01-19 09:03:47'),(92,92,92,'2001-11-14 15:20:06','2021-01-19 09:03:47'),(93,93,93,'1984-06-20 03:45:44','2021-01-19 09:03:47'),(94,94,94,'2013-08-31 10:57:58','2021-01-19 09:03:47'),(95,95,95,'1987-07-20 07:11:51','2021-01-19 09:03:47'),(96,96,96,'1980-07-21 02:59:57','2021-01-19 09:03:47'),(97,97,97,'1992-11-03 10:10:27','2021-01-19 09:03:47'),(98,98,98,'1993-06-12 09:49:34','2021-01-19 09:03:47'),(99,99,99,'2017-09-23 23:10:51','2021-01-19 09:03:47'),(100,100,100,'2015-04-26 11:41:57','2021-01-19 09:03:47'),(101,101,101,'2021-01-18 23:25:45','2021-01-19 09:03:47'),(102,102,102,'2021-01-18 23:27:07','2021-01-19 09:03:47'),(103,103,103,'2021-01-18 23:27:07','2021-01-19 09:03:47'),(104,104,104,'2021-01-18 23:27:07','2021-01-19 09:03:47'),(105,105,105,'2021-01-18 23:27:07','2021-01-19 09:03:47'),(106,106,106,'2021-01-18 23:27:07','2021-01-19 09:03:47'),(107,107,107,'2021-01-18 23:27:07','2021-01-19 09:03:47'),(108,108,108,'2021-01-18 23:27:07','2021-01-19 09:03:47'),(109,109,109,'2021-01-18 23:27:07','2021-01-19 09:03:47'),(110,110,110,'2021-01-18 23:27:07','2021-01-19 09:03:47'),(111,111,111,'2021-01-18 23:27:07','2021-01-19 09:03:47'),(112,112,112,'2021-01-18 23:27:08','2021-01-19 09:03:47'),(113,113,113,'2021-01-18 23:27:08','2021-01-19 09:03:47'),(114,114,114,'2021-01-18 23:27:08','2021-01-19 09:03:47'),(115,115,115,'2021-01-18 23:27:08','2021-01-19 09:03:47'),(116,116,116,'2021-01-18 23:27:08','2021-01-19 09:03:47'),(117,117,117,'2021-01-18 23:27:08','2021-01-19 09:03:47'),(118,118,118,'2021-01-18 23:27:08','2021-01-19 09:03:47'),(119,119,119,'2021-01-18 23:27:08','2021-01-19 09:03:47'),(120,120,120,'2021-01-18 23:27:08','2021-01-19 09:03:47'),(121,121,121,'2021-01-18 23:27:08','2021-01-19 09:03:47'),(122,122,122,'2021-01-18 23:27:09','2021-01-19 09:03:47'),(123,123,123,'2021-01-18 23:27:09','2021-01-19 09:03:47'),(124,124,124,'2021-01-18 23:27:09','2021-01-19 09:03:47'),(125,125,125,'2021-01-18 23:27:09','2021-01-19 09:03:47'),(126,126,126,'2021-01-18 23:27:09','2021-01-19 09:03:47'),(127,127,127,'2021-01-18 23:27:09','2021-01-19 09:03:47'),(128,128,128,'2021-01-18 23:27:09','2021-01-19 09:03:47'),(129,129,129,'2021-01-18 23:27:09','2021-01-19 09:03:47'),(130,130,130,'2021-01-18 23:27:09','2021-01-19 09:03:47'),(131,131,131,'2021-01-18 23:27:09','2021-01-19 09:03:47'),(132,132,132,'2021-01-18 23:27:10','2021-01-19 09:03:47'),(133,133,133,'2021-01-18 23:27:10','2021-01-19 09:03:47'),(134,134,134,'2021-01-18 23:27:10','2021-01-19 09:03:47'),(135,135,135,'2021-01-18 23:27:10','2021-01-19 09:03:47'),(136,136,136,'2021-01-18 23:27:10','2021-01-19 09:03:47'),(137,137,137,'2021-01-18 23:27:10','2021-01-19 09:03:47'),(138,138,138,'2021-01-18 23:27:10','2021-01-19 09:03:47'),(139,139,139,'2021-01-18 23:27:10','2021-01-19 09:03:47'),(140,140,140,'2021-01-18 23:27:10','2021-01-19 09:03:47'),(141,141,141,'2021-01-18 23:27:10','2021-01-19 09:03:47'),(142,142,142,'2021-01-18 23:27:11','2021-01-19 09:03:47'),(143,143,143,'2021-01-18 23:27:11','2021-01-19 09:03:47'),(144,144,144,'2021-01-18 23:27:11','2021-01-19 09:03:47'),(145,145,145,'2021-01-18 23:27:11','2021-01-19 09:03:47'),(146,146,146,'2021-01-18 23:27:11','2021-01-19 09:03:47'),(147,147,147,'2021-01-18 23:27:11','2021-01-19 09:03:47'),(148,148,148,'2021-01-18 23:27:11','2021-01-19 09:03:47'),(149,149,149,'2021-01-18 23:27:11','2021-01-19 09:03:47'),(150,150,150,'2021-01-18 23:27:11','2021-01-19 09:03:47'),(151,151,151,'2021-01-18 23:27:11','2021-01-19 09:03:47'),(152,152,152,'2021-01-18 23:27:12','2021-01-19 09:03:47'),(153,153,153,'2021-01-18 23:27:12','2021-01-19 09:03:47'),(154,154,154,'2021-01-18 23:27:12','2021-01-19 09:03:47'),(155,155,155,'2021-01-18 23:27:12','2021-01-19 09:03:47'),(156,156,156,'2021-01-18 23:27:12','2021-01-19 09:03:47'),(157,157,157,'2021-01-18 23:27:12','2021-01-19 09:03:47'),(158,158,158,'2021-01-18 23:27:12','2021-01-19 09:03:47'),(159,159,159,'2021-01-18 23:27:12','2021-01-19 09:03:47'),(160,160,160,'2021-01-18 23:27:12','2021-01-19 09:03:47'),(161,161,161,'2021-01-18 23:27:12','2021-01-19 09:03:47'),(162,162,162,'2021-01-18 23:27:13','2021-01-19 09:03:47'),(163,163,163,'2021-01-18 23:27:13','2021-01-19 09:03:47'),(164,164,164,'2021-01-18 23:27:13','2021-01-19 09:03:47'),(165,165,165,'2021-01-18 23:27:13','2021-01-19 09:03:47'),(166,166,166,'2021-01-18 23:27:13','2021-01-19 09:03:47'),(167,167,167,'2021-01-18 23:27:13','2021-01-19 09:03:47'),(168,168,168,'2021-01-18 23:27:13','2021-01-19 09:03:47'),(169,169,169,'2021-01-18 23:27:13','2021-01-19 09:03:47'),(170,170,170,'2021-01-18 23:27:13','2021-01-19 09:03:47'),(171,171,171,'2021-01-18 23:27:13','2021-01-19 09:03:47'),(172,172,172,'2021-01-18 23:27:14','2021-01-19 09:03:47'),(173,173,173,'2021-01-18 23:27:14','2021-01-19 09:03:47'),(174,174,174,'2021-01-18 23:27:14','2021-01-19 09:03:47'),(175,175,175,'2021-01-18 23:27:14','2021-01-19 09:03:47'),(176,176,176,'2021-01-18 23:27:14','2021-01-19 09:03:47'),(177,177,177,'2021-01-18 23:27:14','2021-01-19 09:03:47'),(178,178,178,'2021-01-18 23:27:14','2021-01-19 09:03:47'),(179,179,179,'2021-01-18 23:27:14','2021-01-19 09:03:47'),(180,180,180,'2021-01-18 23:27:14','2021-01-19 09:03:47'),(181,181,181,'2021-01-18 23:27:14','2021-01-19 09:03:47'),(182,182,182,'2021-01-18 23:27:15','2021-01-19 09:03:47'),(183,183,183,'2021-01-18 23:27:15','2021-01-19 09:03:47'),(184,184,184,'2021-01-18 23:27:15','2021-01-19 09:03:47'),(185,185,185,'2021-01-18 23:27:15','2021-01-19 09:03:47'),(186,186,186,'2021-01-18 23:27:15','2021-01-19 09:03:47'),(187,187,187,'2021-01-18 23:27:15','2021-01-19 09:03:47'),(188,188,188,'2021-01-18 23:27:15','2021-01-19 09:03:47'),(189,189,189,'2021-01-18 23:27:15','2021-01-19 09:03:47'),(190,190,190,'2021-01-18 23:27:15','2021-01-19 09:03:47'),(191,191,191,'2021-01-18 23:27:15','2021-01-19 09:03:47'),(192,192,192,'2021-01-18 23:27:38','2021-01-19 09:03:47'),(193,193,193,'2021-01-18 23:27:38','2021-01-19 09:03:47'),(194,194,194,'2021-01-18 23:27:38','2021-01-19 09:03:47'),(195,195,195,'2021-01-18 23:27:38','2021-01-19 09:03:47'),(196,196,196,'2021-01-18 23:27:38','2021-01-19 09:03:47'),(197,197,197,'2021-01-18 23:27:38','2021-01-19 09:03:47'),(198,198,198,'2021-01-18 23:27:38','2021-01-19 09:03:47'),(199,199,199,'2021-01-18 23:27:38','2021-01-19 09:03:47'),(200,200,200,'2021-01-18 23:27:38','2021-01-19 09:03:47');
/*!40000 ALTER TABLE `adverts_atributes_atribute_types` ENABLE KEYS */;
UNLOCK TABLES;

--
-- Temporary view structure for view `adverts_subcategories`
--

DROP TABLE IF EXISTS `adverts_subcategories`;
/*!50001 DROP VIEW IF EXISTS `adverts_subcategories`*/;
SET @saved_cs_client     = @@character_set_client;
/*!50503 SET character_set_client = utf8mb4 */;
/*!50001 CREATE VIEW `adverts_subcategories` AS SELECT 
 1 AS `advert_status`,
 1 AS `advert_subcategory`*/;
SET character_set_client = @saved_cs_client;

--
-- Table structure for table `atribute_types`
--

DROP TABLE IF EXISTS `atribute_types`;
/*!40101 SET @saved_cs_client     = @@character_set_client */;
/*!50503 SET character_set_client = utf8mb4 */;
CREATE TABLE `atribute_types` (
  `id` int unsigned NOT NULL AUTO_INCREMENT COMMENT 'Идентификатор строки',
  `name` varchar(255) CHARACTER SET utf8 COLLATE utf8_unicode_ci NOT NULL COMMENT 'Название таблицы с атрибутами',
  `created_at` datetime DEFAULT CURRENT_TIMESTAMP,
  PRIMARY KEY (`id`)
) ENGINE=InnoDB AUTO_INCREMENT=4 DEFAULT CHARSET=utf8 COLLATE=utf8_unicode_ci COMMENT='Перечень таблиц с атрибутами, дополняющими основную таблицу с объявлениями';
/*!40101 SET character_set_client = @saved_cs_client */;

--
-- Dumping data for table `atribute_types`
--

LOCK TABLES `atribute_types` WRITE;
/*!40000 ALTER TABLE `atribute_types` DISABLE KEYS */;
INSERT INTO `atribute_types` VALUES (1,'occaecati','1977-12-26 20:14:03'),(2,'pariatur','2002-12-17 08:32:20'),(3,'ipsam','2002-02-14 03:38:54');
/*!40000 ALTER TABLE `atribute_types` ENABLE KEYS */;
UNLOCK TABLES;

--
-- Table structure for table `atributes_atribute_types`
--

DROP TABLE IF EXISTS `atributes_atribute_types`;
/*!40101 SET @saved_cs_client     = @@character_set_client */;
/*!50503 SET character_set_client = utf8mb4 */;
CREATE TABLE `atributes_atribute_types` (
  `id` bigint unsigned NOT NULL AUTO_INCREMENT COMMENT 'Идентификатор строки',
  `atribute_types_id` int unsigned DEFAULT NULL COMMENT 'Ссылка на тип атрибутов',
  `motor_atributes_id` bigint unsigned DEFAULT NULL COMMENT 'Ссылка на атрибуты ТС',
  `real_estate_atributes_id` bigint unsigned DEFAULT NULL COMMENT 'Ссылка на атрибуты недвижимости',
  `other_atributes_id` int unsigned DEFAULT NULL COMMENT 'Ссылка на остальные атрибуты',
  `created_at` datetime DEFAULT CURRENT_TIMESTAMP,
  `updated_at` datetime DEFAULT CURRENT_TIMESTAMP ON UPDATE CURRENT_TIMESTAMP,
  PRIMARY KEY (`id`),
  KEY `atributes_atribute_types_motor_atributes_id_fk` (`motor_atributes_id`),
  KEY `atributes_atribute_types_real_estate_atributes_id_fk` (`real_estate_atributes_id`),
  KEY `atributes_atribute_types_atribute_types_id_fk` (`atribute_types_id`),
  CONSTRAINT `atributes_atribute_types_atribute_types_id_fk` FOREIGN KEY (`atribute_types_id`) REFERENCES `atribute_types` (`id`),
  CONSTRAINT `atributes_atribute_types_motor_atributes_id_fk` FOREIGN KEY (`motor_atributes_id`) REFERENCES `motor_atributes` (`id`),
  CONSTRAINT `atributes_atribute_types_real_estate_atributes_id_fk` FOREIGN KEY (`real_estate_atributes_id`) REFERENCES `real_estate_atributes` (`id`)
) ENGINE=InnoDB AUTO_INCREMENT=201 DEFAULT CHARSET=utf8 COLLATE=utf8_unicode_ci COMMENT='Таблица связей типов атрибутов и различных атрибутов-получаем индентификатор для атрибутов любого типа';
/*!40101 SET character_set_client = @saved_cs_client */;

--
-- Dumping data for table `atributes_atribute_types`
--

LOCK TABLES `atributes_atribute_types` WRITE;
/*!40000 ALTER TABLE `atributes_atribute_types` DISABLE KEYS */;
INSERT INTO `atributes_atribute_types` VALUES (1,1,1,NULL,NULL,'1981-09-19 05:58:02','2021-01-19 09:40:11'),(2,1,2,NULL,NULL,'1995-09-14 22:55:03','2021-01-19 09:40:11'),(3,1,3,NULL,NULL,'2011-05-03 05:41:23','2021-01-19 09:40:11'),(4,1,4,NULL,NULL,'1993-02-06 05:41:05','2021-01-19 09:40:11'),(5,1,5,NULL,NULL,'2013-03-21 07:23:05','2021-01-19 09:40:11'),(6,1,6,NULL,NULL,'1984-08-18 06:26:49','2021-01-19 09:40:11'),(7,1,7,NULL,NULL,'2018-08-09 20:36:30','2021-01-19 09:40:11'),(8,1,8,NULL,NULL,'2002-10-22 01:54:43','2021-01-19 09:40:11'),(9,1,9,NULL,NULL,'2009-04-25 15:35:14','2021-01-19 09:40:11'),(10,1,10,NULL,NULL,'1999-10-07 12:59:21','2021-01-19 09:40:11'),(11,1,11,NULL,NULL,'1973-05-31 06:19:47','2021-01-19 09:40:11'),(12,1,12,NULL,NULL,'2019-05-24 09:16:45','2021-01-19 09:40:11'),(13,1,13,NULL,NULL,'1984-05-29 05:08:18','2021-01-19 09:40:11'),(14,1,14,NULL,NULL,'2004-04-12 12:06:34','2021-01-19 09:40:11'),(15,1,15,NULL,NULL,'2000-10-31 07:07:06','2021-01-19 09:40:11'),(16,1,16,NULL,NULL,'1983-12-31 08:58:06','2021-01-19 09:40:11'),(17,1,17,NULL,NULL,'1984-12-13 12:14:16','2021-01-19 09:40:11'),(18,1,18,NULL,NULL,'1988-07-30 02:39:41','2021-01-19 09:40:11'),(19,1,19,NULL,NULL,'1982-02-18 01:33:04','2021-01-19 09:40:11'),(20,1,20,NULL,NULL,'1982-06-18 08:18:24','2021-01-19 09:40:11'),(21,1,21,NULL,NULL,'1980-03-03 20:25:41','2021-01-19 09:40:11'),(22,1,22,NULL,NULL,'2012-08-03 11:50:53','2021-01-19 09:40:11'),(23,1,23,NULL,NULL,'1974-11-13 01:44:16','2021-01-19 09:40:11'),(24,1,24,NULL,NULL,'1972-12-22 13:09:15','2021-01-19 09:40:11'),(25,1,25,NULL,NULL,'2018-08-29 20:24:44','2021-01-19 09:40:11'),(26,1,26,NULL,NULL,'2020-09-20 16:50:32','2021-01-19 09:40:11'),(27,1,27,NULL,NULL,'2015-08-04 05:31:20','2021-01-19 09:40:11'),(28,1,28,NULL,NULL,'2004-05-11 17:56:07','2021-01-19 09:40:11'),(29,1,29,NULL,NULL,'1979-04-09 23:49:47','2021-01-19 09:40:11'),(30,1,30,NULL,NULL,'1983-12-25 01:23:11','2021-01-19 09:40:11'),(31,1,31,NULL,NULL,'1970-07-31 22:23:09','2021-01-19 09:40:11'),(32,1,32,NULL,NULL,'1999-07-20 05:09:50','2021-01-19 09:40:11'),(33,1,33,NULL,NULL,'2014-08-22 09:07:10','2021-01-19 09:40:11'),(34,1,34,NULL,NULL,'1996-03-30 13:32:33','2021-01-19 09:40:11'),(35,1,35,NULL,NULL,'2014-10-03 18:56:35','2021-01-19 09:40:11'),(36,1,36,NULL,NULL,'2018-06-28 03:27:24','2021-01-19 09:40:11'),(37,1,37,NULL,NULL,'1989-07-16 12:25:13','2021-01-19 09:40:11'),(38,1,38,NULL,NULL,'1971-11-20 20:05:12','2021-01-19 09:40:11'),(39,1,39,NULL,NULL,'1991-11-24 02:29:45','2021-01-19 09:40:11'),(40,1,40,NULL,NULL,'2006-10-24 08:10:49','2021-01-19 09:40:11'),(41,1,41,NULL,NULL,'1981-02-15 08:44:04','2021-01-19 09:40:11'),(42,1,42,NULL,NULL,'1987-06-11 20:28:42','2021-01-19 09:40:11'),(43,1,43,NULL,NULL,'1971-04-02 12:40:30','2021-01-19 09:40:11'),(44,1,44,NULL,NULL,'1978-04-12 08:45:58','2021-01-19 09:40:11'),(45,1,45,NULL,NULL,'1973-03-08 12:34:50','2021-01-19 09:40:11'),(46,1,46,NULL,NULL,'1976-10-10 13:22:57','2021-01-19 09:40:11'),(47,1,47,NULL,NULL,'1996-11-03 02:40:34','2021-01-19 09:40:11'),(48,1,48,NULL,NULL,'2019-07-20 00:06:45','2021-01-19 09:40:11'),(49,1,49,NULL,NULL,'2019-01-17 08:38:00','2021-01-19 09:40:11'),(50,1,50,NULL,NULL,'2017-12-14 10:06:59','2021-01-19 09:40:11'),(51,1,51,NULL,NULL,'1985-03-27 21:21:53','2021-01-19 09:40:11'),(52,1,52,NULL,NULL,'2008-06-02 07:55:02','2021-01-19 09:40:11'),(53,1,53,NULL,NULL,'1986-09-16 20:19:36','2021-01-19 09:40:11'),(54,1,54,NULL,NULL,'2014-04-06 21:53:48','2021-01-19 09:40:11'),(55,1,55,NULL,NULL,'1987-02-15 13:41:41','2021-01-19 09:40:11'),(56,1,56,NULL,NULL,'2019-08-19 12:41:17','2021-01-19 09:40:11'),(57,1,57,NULL,NULL,'1985-05-06 17:26:10','2021-01-19 09:40:11'),(58,1,58,NULL,NULL,'2000-11-05 11:32:45','2021-01-19 09:40:11'),(59,1,59,NULL,NULL,'2012-07-20 20:16:09','2021-01-19 09:40:11'),(60,1,60,NULL,NULL,'1995-05-08 13:22:37','2021-01-19 09:40:11'),(61,1,61,NULL,NULL,'1972-09-03 00:12:57','2021-01-19 09:40:11'),(62,1,62,NULL,NULL,'1971-09-20 22:49:10','2021-01-19 09:40:11'),(63,1,63,NULL,NULL,'2018-03-04 00:58:13','2021-01-19 09:40:11'),(64,1,64,NULL,NULL,'1970-05-04 09:41:14','2021-01-19 09:40:11'),(65,1,65,NULL,NULL,'1993-01-02 19:25:21','2021-01-19 09:40:11'),(66,1,66,NULL,NULL,'2018-04-29 08:34:57','2021-01-19 09:40:11'),(67,1,67,NULL,NULL,'2015-01-14 16:41:35','2021-01-19 09:40:11'),(68,1,68,NULL,NULL,'2006-10-17 14:47:09','2021-01-19 09:40:11'),(69,1,69,NULL,NULL,'1987-02-26 16:34:57','2021-01-19 09:40:11'),(70,1,70,NULL,NULL,'2014-11-14 07:56:19','2021-01-19 09:40:11'),(71,1,71,NULL,NULL,'2011-04-20 07:04:59','2021-01-19 09:40:11'),(72,1,72,NULL,NULL,'2009-06-09 13:37:05','2021-01-19 09:40:11'),(73,1,73,NULL,NULL,'2005-06-29 23:38:52','2021-01-19 09:40:11'),(74,1,74,NULL,NULL,'2007-11-08 08:41:25','2021-01-19 09:40:11'),(75,1,75,NULL,NULL,'1998-01-08 12:20:55','2021-01-19 09:40:11'),(76,1,76,NULL,NULL,'1994-10-07 18:48:06','2021-01-19 09:40:11'),(77,1,77,NULL,NULL,'1996-03-16 16:06:56','2021-01-19 09:40:11'),(78,1,78,NULL,NULL,'1970-08-12 12:32:34','2021-01-19 09:40:11'),(79,1,79,NULL,NULL,'2018-07-25 12:08:53','2021-01-19 09:40:11'),(80,1,80,NULL,NULL,'2017-11-25 10:36:12','2021-01-19 09:40:11'),(81,1,81,NULL,NULL,'2006-11-22 16:26:43','2021-01-19 09:40:11'),(82,1,82,NULL,NULL,'1979-09-07 09:17:53','2021-01-19 09:40:11'),(83,1,83,NULL,NULL,'2011-12-06 08:50:43','2021-01-19 09:40:11'),(84,1,84,NULL,NULL,'2008-10-16 11:36:11','2021-01-19 09:40:11'),(85,1,85,NULL,NULL,'2005-09-30 09:49:41','2021-01-19 09:40:11'),(86,1,86,NULL,NULL,'2004-07-03 21:37:08','2021-01-19 09:40:11'),(87,1,87,NULL,NULL,'2018-03-27 21:39:29','2021-01-19 09:40:11'),(88,1,88,NULL,NULL,'1986-07-11 14:15:39','2021-01-19 09:40:11'),(89,1,89,NULL,NULL,'2003-04-27 20:07:13','2021-01-19 09:40:11'),(90,1,90,NULL,NULL,'2019-09-13 20:42:42','2021-01-19 09:40:11'),(91,1,91,NULL,NULL,'2002-09-28 00:59:49','2021-01-19 09:40:11'),(92,1,92,NULL,NULL,'2005-08-14 09:54:43','2021-01-19 09:40:11'),(93,1,93,NULL,NULL,'1996-10-12 23:16:14','2021-01-19 09:40:11'),(94,1,94,NULL,NULL,'1997-07-10 13:18:56','2021-01-19 09:40:11'),(95,1,95,NULL,NULL,'1996-09-12 21:29:19','2021-01-19 09:40:11'),(96,1,96,NULL,NULL,'1984-05-25 01:16:39','2021-01-19 09:40:11'),(97,1,97,NULL,NULL,'1971-11-06 15:23:10','2021-01-19 09:40:11'),(98,1,98,NULL,NULL,'2000-06-08 07:38:14','2021-01-19 09:40:11'),(99,1,99,NULL,NULL,'1990-12-23 03:15:12','2021-01-19 09:40:11'),(100,1,100,NULL,NULL,'1984-08-18 22:52:02','2021-01-19 10:44:53'),(101,2,NULL,64,NULL,'2021-01-18 19:13:54','2021-01-19 10:39:34'),(102,2,NULL,58,NULL,'2021-01-18 19:13:54','2021-01-19 10:09:19'),(103,2,NULL,77,NULL,'2021-01-18 19:15:36','2021-01-19 10:09:19'),(104,2,NULL,8,NULL,'2021-01-18 19:15:36','2021-01-19 10:09:19'),(105,2,NULL,12,NULL,'2021-01-18 19:15:36','2021-01-19 10:38:41'),(106,2,NULL,31,NULL,'2021-01-18 19:15:36','2021-01-19 10:09:19'),(107,2,NULL,23,NULL,'2021-01-18 19:15:36','2021-01-19 10:09:19'),(108,2,NULL,19,NULL,'2021-01-18 19:15:36','2021-01-19 10:09:19'),(109,2,NULL,26,NULL,'2021-01-18 19:15:36','2021-01-19 10:09:19'),(110,2,NULL,65,NULL,'2021-01-18 19:15:36','2021-01-19 10:39:22'),(111,2,NULL,88,NULL,'2021-01-18 19:15:36','2021-01-19 10:14:56'),(112,2,NULL,6,NULL,'2021-01-18 19:15:36','2021-01-19 10:09:19'),(113,2,NULL,76,NULL,'2021-01-18 19:15:36','2021-01-19 10:09:19'),(114,2,NULL,62,NULL,'2021-01-18 19:15:36','2021-01-19 10:09:19'),(115,2,NULL,82,NULL,'2021-01-18 19:15:36','2021-01-19 10:09:19'),(116,2,NULL,24,NULL,'2021-01-18 19:15:36','2021-01-19 10:09:19'),(117,2,NULL,73,NULL,'2021-01-18 19:15:36','2021-01-19 10:09:19'),(118,2,NULL,95,NULL,'2021-01-18 19:15:36','2021-01-19 10:12:54'),(119,2,NULL,47,NULL,'2021-01-18 19:15:44','2021-01-19 10:09:19'),(120,2,NULL,53,NULL,'2021-01-18 19:15:44','2021-01-19 10:09:19'),(121,2,NULL,20,NULL,'2021-01-18 19:15:44','2021-01-19 10:38:01'),(122,2,NULL,56,NULL,'2021-01-18 19:15:44','2021-01-19 10:09:19'),(123,2,NULL,10,NULL,'2021-01-18 19:15:44','2021-01-19 10:38:54'),(124,2,NULL,86,NULL,'2021-01-18 19:15:44','2021-01-19 10:09:19'),(125,2,NULL,98,NULL,'2021-01-18 19:15:44','2021-01-19 10:09:19'),(126,2,NULL,29,NULL,'2021-01-18 19:15:44','2021-01-19 10:09:19'),(127,2,NULL,51,NULL,'2021-01-18 19:15:44','2021-01-19 10:09:19'),(128,2,NULL,67,NULL,'2021-01-18 19:15:44','2021-01-19 10:09:19'),(129,2,NULL,89,NULL,'2021-01-18 19:15:44','2021-01-19 10:16:02'),(130,2,NULL,11,NULL,'2021-01-18 19:15:44','2021-01-19 10:09:19'),(131,2,NULL,3,NULL,'2021-01-18 19:15:44','2021-01-19 10:33:24'),(132,2,NULL,96,NULL,'2021-01-18 19:15:44','2021-01-19 10:09:19'),(133,2,NULL,61,NULL,'2021-01-18 19:15:44','2021-01-19 10:09:19'),(134,2,NULL,17,NULL,'2021-01-18 19:15:44','2021-01-19 10:09:19'),(135,2,NULL,1,NULL,'2021-01-18 19:16:10','2021-01-19 09:39:05'),(136,2,NULL,55,NULL,'2021-01-18 19:16:10','2021-01-19 10:09:19'),(137,2,NULL,72,NULL,'2021-01-18 19:16:10','2021-01-19 10:09:19'),(138,2,NULL,93,NULL,'2021-01-18 19:16:10','2021-01-19 10:09:19'),(139,2,NULL,50,NULL,'2021-01-18 19:16:10','2021-01-19 10:09:19'),(140,2,NULL,68,NULL,'2021-01-18 19:16:10','2021-01-19 10:09:19'),(141,2,NULL,90,NULL,'2021-01-18 19:16:10','2021-01-19 10:09:19'),(142,2,NULL,46,NULL,'2021-01-18 19:16:10','2021-01-19 10:09:19'),(143,2,NULL,59,NULL,'2021-01-18 19:16:10','2021-01-19 10:09:19'),(144,2,NULL,57,NULL,'2021-01-18 19:16:10','2021-01-19 10:09:19'),(145,2,NULL,9,NULL,'2021-01-18 19:16:10','2021-01-19 10:09:19'),(146,2,NULL,74,NULL,'2021-01-18 19:16:10','2021-01-19 10:09:19'),(147,2,NULL,39,NULL,'2021-01-18 19:16:10','2021-01-19 10:09:19'),(148,2,NULL,75,NULL,'2021-01-18 19:16:10','2021-01-19 10:09:19'),(149,2,NULL,48,NULL,'2021-01-18 19:16:10','2021-01-19 10:40:14'),(150,2,NULL,66,NULL,'2021-01-18 19:16:10','2021-01-19 10:09:19'),(151,2,NULL,52,NULL,'2021-01-18 19:16:16','2021-01-19 10:09:19'),(152,2,NULL,63,NULL,'2021-01-18 19:16:16','2021-01-19 10:09:19'),(153,2,NULL,44,NULL,'2021-01-18 19:16:16','2021-01-19 10:40:24'),(154,2,NULL,100,NULL,'2021-01-18 19:16:16','2021-01-19 10:10:40'),(155,2,NULL,21,NULL,'2021-01-18 19:16:16','2021-01-19 10:09:19'),(156,2,NULL,7,NULL,'2021-01-18 19:16:16','2021-01-19 10:36:53'),(157,2,NULL,80,NULL,'2021-01-18 19:16:16','2021-01-19 10:17:43'),(158,2,NULL,49,NULL,'2021-01-18 19:16:16','2021-01-19 10:40:00'),(159,2,NULL,97,NULL,'2021-01-18 19:16:16','2021-01-19 10:11:32'),(160,2,NULL,87,NULL,'2021-01-18 19:16:16','2021-01-19 10:09:19'),(161,2,NULL,43,NULL,'2021-01-18 19:16:16','2021-01-19 10:09:19'),(162,2,NULL,41,NULL,'2021-01-18 19:16:16','2021-01-19 10:40:38'),(163,2,NULL,35,NULL,'2021-01-18 19:16:16','2021-01-19 10:09:19'),(164,2,NULL,13,NULL,'2021-01-18 19:16:16','2021-01-19 10:38:29'),(165,2,NULL,79,NULL,'2021-01-18 19:16:16','2021-01-19 10:09:19'),(166,2,NULL,45,NULL,'2021-01-18 19:16:16','2021-01-19 10:09:19'),(167,2,NULL,94,NULL,'2021-01-18 19:16:17','2021-01-19 10:14:09'),(168,2,NULL,92,NULL,'2021-01-18 19:16:17','2021-01-19 10:09:19'),(169,2,NULL,2,NULL,'2021-01-18 19:16:17','2021-01-19 10:09:19'),(170,2,NULL,27,NULL,'2021-01-18 19:16:17','2021-01-19 10:42:52'),(171,2,NULL,60,NULL,'2021-01-18 19:16:17','2021-01-19 10:39:48'),(172,2,NULL,25,NULL,'2021-01-18 19:16:17','2021-01-19 10:43:05'),(173,2,NULL,71,NULL,'2021-01-18 19:16:17','2021-01-19 10:09:19'),(174,2,NULL,38,NULL,'2021-01-18 19:16:17','2021-01-19 10:40:51'),(175,2,NULL,40,NULL,'2021-01-18 19:16:17','2021-01-19 10:09:19'),(176,2,NULL,33,NULL,'2021-01-18 19:16:17','2021-01-19 10:41:35'),(177,2,NULL,5,NULL,'2021-01-18 19:16:17','2021-01-19 10:37:09'),(178,2,NULL,36,NULL,'2021-01-18 19:16:17','2021-01-19 10:45:16'),(179,2,NULL,85,NULL,'2021-01-18 19:16:17','2021-01-19 10:09:19'),(180,2,NULL,18,NULL,'2021-01-18 19:16:17','2021-01-19 10:38:17'),(181,2,NULL,37,NULL,'2021-01-18 19:16:17','2021-01-19 10:41:08'),(182,2,NULL,84,NULL,'2021-01-18 19:16:17','2021-01-19 10:09:19'),(183,2,NULL,70,NULL,'2021-01-18 19:16:18','2021-01-19 10:09:19'),(184,2,NULL,99,NULL,'2021-01-18 19:16:18','2021-01-19 10:09:19'),(185,2,NULL,81,NULL,'2021-01-18 19:16:18','2021-01-19 10:17:31'),(186,2,NULL,14,NULL,'2021-01-18 19:16:18','2021-01-19 10:09:19'),(187,2,NULL,22,NULL,'2021-01-18 19:16:18','2021-01-19 10:37:38'),(188,2,NULL,78,NULL,'2021-01-18 19:16:18','2021-01-19 10:09:19'),(189,2,NULL,16,NULL,'2021-01-18 19:16:18','2021-01-19 10:09:19'),(190,2,NULL,32,NULL,'2021-01-18 19:16:18','2021-01-19 10:42:05'),(191,2,NULL,69,NULL,'2021-01-18 19:16:18','2021-01-19 10:39:09'),(192,2,NULL,42,NULL,'2021-01-18 19:16:18','2021-01-19 10:09:19'),(193,2,NULL,83,NULL,'2021-01-18 19:16:18','2021-01-19 10:09:19'),(194,2,NULL,91,NULL,'2021-01-18 19:16:18','2021-01-19 10:09:19'),(195,2,NULL,4,NULL,'2021-01-18 19:16:18','2021-01-19 10:09:19'),(196,2,NULL,30,NULL,'2021-01-18 19:16:18','2021-01-19 10:42:20'),(197,2,NULL,15,NULL,'2021-01-18 19:16:18','2021-01-19 10:09:19'),(198,2,NULL,28,NULL,'2021-01-18 19:16:18','2021-01-19 10:42:35'),(199,2,NULL,54,NULL,'2021-01-18 19:16:41','2021-01-19 10:09:19'),(200,2,NULL,34,NULL,'2021-01-18 19:16:41','2021-01-19 10:41:22');
/*!40000 ALTER TABLE `atributes_atribute_types` ENABLE KEYS */;
UNLOCK TABLES;

--
-- Table structure for table `districts`
--

DROP TABLE IF EXISTS `districts`;
/*!40101 SET @saved_cs_client     = @@character_set_client */;
/*!50503 SET character_set_client = utf8mb4 */;
CREATE TABLE `districts` (
  `id` int unsigned NOT NULL AUTO_INCREMENT COMMENT 'Идентификатор строки',
  `name` varchar(30) CHARACTER SET utf8 COLLATE utf8_unicode_ci NOT NULL COMMENT 'Название провинции',
  `created_at` datetime DEFAULT CURRENT_TIMESTAMP,
  PRIMARY KEY (`id`)
) ENGINE=InnoDB AUTO_INCREMENT=6 DEFAULT CHARSET=utf8 COLLATE=utf8_unicode_ci COMMENT='Перечень провинций';
/*!40101 SET character_set_client = @saved_cs_client */;

--
-- Dumping data for table `districts`
--

LOCK TABLES `districts` WRITE;
/*!40000 ALTER TABLE `districts` DISABLE KEYS */;
INSERT INTO `districts` VALUES (1,'Nicosia','2020-12-15 12:14:19'),(2,'Famagusta','2020-12-15 12:14:19'),(3,'Paphos','2020-12-15 12:14:19'),(4,'Larnaca','2020-12-15 12:14:19'),(5,'Limassol','2020-12-15 12:14:19');
/*!40000 ALTER TABLE `districts` ENABLE KEYS */;
UNLOCK TABLES;

--
-- Table structure for table `locations`
--

DROP TABLE IF EXISTS `locations`;
/*!40101 SET @saved_cs_client     = @@character_set_client */;
/*!50503 SET character_set_client = utf8mb4 */;
CREATE TABLE `locations` (
  `id` bigint unsigned NOT NULL AUTO_INCREMENT COMMENT 'Идентификатор строки',
  `district_id` int unsigned NOT NULL COMMENT 'Провинция в которую входит район',
  `name` varchar(30) CHARACTER SET utf8 COLLATE utf8_unicode_ci NOT NULL COMMENT 'Название района',
  `created_at` datetime DEFAULT CURRENT_TIMESTAMP,
  PRIMARY KEY (`id`),
  KEY `locations_districts_id_fk` (`district_id`),
  CONSTRAINT `locations_districts_id_fk` FOREIGN KEY (`district_id`) REFERENCES `districts` (`id`)
) ENGINE=InnoDB AUTO_INCREMENT=101 DEFAULT CHARSET=utf8 COLLATE=utf8_unicode_ci COMMENT='Перечень районов';
/*!40101 SET character_set_client = @saved_cs_client */;

--
-- Dumping data for table `locations`
--

LOCK TABLES `locations` WRITE;
/*!40000 ALTER TABLE `locations` DISABLE KEYS */;
INSERT INTO `locations` VALUES (1,2,'Achna','2020-12-15 12:12:37'),(2,2,'Agia','2020-12-15 12:12:37'),(3,2,'Triada','2020-12-15 12:12:37'),(4,2,'Avgorou','2020-12-15 12:12:37'),(5,2,'Ayia Napa','2020-12-15 12:12:37'),(6,2,'Ayia Thekla','2020-12-15 12:12:37'),(7,2,'Cape Greko','2020-12-15 12:12:37'),(8,2,'Deryneia','2020-12-15 12:12:37'),(9,2,'Frenaros','2020-12-15 12:12:37'),(10,2,'Kapparis','2020-12-15 12:12:37'),(11,2,'Kokkinogremos','2020-12-15 12:12:37'),(12,2,'Konnos','2020-12-15 12:12:37'),(13,2,'Liopetri','2020-12-15 12:12:37'),(14,2,'Paralimni','2020-12-15 12:12:37'),(15,2,'Pernera','2020-12-15 12:12:37'),(16,2,'Profitis','2020-12-15 12:12:37'),(17,2,'Elias','2020-12-15 12:12:37'),(18,2,'Protaras','2020-12-15 12:12:37'),(19,2,'Sotira','2020-12-15 12:12:37'),(20,2,'Vrysoulles','2020-12-15 12:12:37'),(21,4,'Agioi Anargyroi','2020-12-15 14:20:18'),(22,4,'Finikoudes','2020-12-15 14:20:18'),(23,4,'Harbor','2020-12-15 14:20:18'),(24,4,'Makenzy','2020-12-15 14:20:18'),(25,4,'Agia Anna','2020-12-15 14:20:18'),(26,4,'Agioi Vavatsinias','2020-12-15 14:20:18'),(27,4,'Agios Theodoros','2020-12-15 14:20:18'),(28,4,'Alaminos','2020-12-15 14:20:18'),(29,4,'Alethriko','2020-12-15 14:20:18'),(30,4,'Anafotida','2020-12-15 14:20:18'),(31,4,'Anglikos','2020-12-15 14:20:18'),(32,4,'Stratos','2020-12-15 14:20:18'),(33,4,'Dekeleias','2020-12-15 14:20:18'),(34,4,'Anglisides','2020-12-15 14:20:18'),(35,4,'Aradippou','2020-12-15 14:20:18'),(36,4,'Athienou','2020-12-15 14:20:18'),(37,4,'Avdellero','2020-12-15 14:20:18'),(38,4,'Choirokoitia','2020-12-15 14:20:18'),(39,4,'Dekeleia','2020-12-15 14:20:18'),(40,4,'Delikipos','2020-12-15 14:20:18'),(41,4,'Dromolaxia','2020-12-15 14:20:18'),(42,4,'Drys Kato','2020-12-15 14:20:18'),(43,4,'Kalavasos','2020-12-15 14:20:18'),(44,4,'Kalo Chorio','2020-12-15 14:20:18'),(45,4,'Kellia','2020-12-15 14:20:18'),(46,4,'Kiti','2020-12-15 14:20:18'),(47,4,'Kivisili','2020-12-15 14:20:18'),(48,4,'Klavdia','2020-12-15 14:20:18'),(49,4,'Kofinou','2020-12-15 14:20:18'),(50,4,'Kornos','2020-12-15 14:20:18'),(51,4,'Kosi','2020-12-15 14:20:18'),(52,4,'Lageia','2020-12-15 14:20:18'),(53,4,'Lefkara','2020-12-15 14:20:18'),(54,1,'Egkomi','2020-12-15 14:25:29'),(55,1,'Strovolos','2020-12-15 14:25:29'),(56,3,'Anarita','2020-12-15 14:25:29'),(57,3,'Argaka','2020-12-15 14:25:29'),(58,5,'Agros','2020-12-15 14:25:29'),(59,5,'Akapnou','2020-12-15 14:25:29'),(60,5,'Dora','2020-12-15 14:25:29'),(61,1,'Agrokipia','2020-12-24 13:48:22'),(62,1,'Akaki','2020-12-24 13:48:22'),(63,1,'Alampra','2020-12-24 13:48:22'),(64,1,'Alona','2020-12-24 13:48:22'),(65,1,'Anageia','2020-12-24 13:48:22'),(66,1,'Analiontas','2020-12-24 13:48:22'),(67,1,'Arediou','2020-12-24 13:48:22'),(68,1,'Argaki','2020-12-24 13:48:22'),(69,1,'Asinou','2020-12-24 13:48:22'),(70,1,'Askas','2020-12-24 13:48:22'),(71,2,'Armou','2020-12-24 13:48:22'),(72,2,'Arodes Kato','2020-12-24 13:48:22'),(73,2,'Arodes Pano','2020-12-24 13:48:22'),(74,2,'Asprogia','2020-12-24 13:48:22'),(75,2,'Chlorakas','2020-12-24 13:48:22'),(76,2,'Choletria','2020-12-24 13:48:22'),(77,2,'Choli','2020-12-24 13:48:22'),(78,2,'Choulou','2020-12-24 13:48:22'),(79,2,'Chrysochou','2020-12-24 13:48:22'),(80,2,'Egkominos','2020-12-24 13:48:22'),(81,5,'Kellaki','2020-12-24 13:48:22'),(82,5,'Kissousa','2020-12-24 13:48:22'),(83,5,'Kivides Kato','2020-12-24 13:48:22'),(84,5,'Kivides Pano','2020-12-24 13:48:22'),(85,5,'Klonari','2020-12-24 13:48:22'),(86,5,'Koilani','2020-12-24 13:48:22'),(87,5,'Kolossi','2020-12-24 13:48:22'),(88,5,'Korfi','2020-12-24 13:48:22'),(89,5,'Kouka','2020-12-24 13:48:22'),(90,5,'Kyperounta','2020-12-24 13:48:22'),(91,3,'Kynousa','2020-12-24 13:51:46'),(92,3,'Lasa','2020-12-24 13:51:46'),(93,3,'Latchi','2020-12-24 13:51:46'),(94,3,'Lemona','2020-12-24 13:51:46'),(95,3,'Lempa','2020-12-24 13:51:46'),(96,3,'Letymvou','2020-12-24 13:51:46'),(97,3,'Limni','2020-12-24 13:51:46'),(98,3,'Loukrounou','2020-12-24 13:51:46'),(99,3,'Lysos','2020-12-24 13:51:46'),(100,3,'Mamonia','2020-12-24 13:51:46');
/*!40000 ALTER TABLE `locations` ENABLE KEYS */;
UNLOCK TABLES;

--
-- Table structure for table `Logs`
--

DROP TABLE IF EXISTS `Logs`;
/*!40101 SET @saved_cs_client     = @@character_set_client */;
/*!50503 SET character_set_client = utf8mb4 */;
CREATE TABLE `Logs` (
  `id` int unsigned NOT NULL AUTO_INCREMENT,
  `created_at` datetime DEFAULT CURRENT_TIMESTAMP,
  `table_name` varchar(50) NOT NULL,
  `row_id` int unsigned NOT NULL,
  `row_name` varchar(255) DEFAULT NULL,
  PRIMARY KEY (`id`)
) ENGINE=ARCHIVE AUTO_INCREMENT=2 DEFAULT CHARSET=utf8mb4 COLLATE=utf8mb4_0900_ai_ci;
/*!40101 SET character_set_client = @saved_cs_client */;

--
-- Dumping data for table `Logs`
--

LOCK TABLES `Logs` WRITE;
/*!40000 ALTER TABLE `Logs` DISABLE KEYS */;
INSERT INTO `Logs` VALUES (1,'2021-01-19 16:37:23','adverts',202,'Provident eum harum laudantium sunt et temporibus nam consectetur.');
/*!40000 ALTER TABLE `Logs` ENABLE KEYS */;
UNLOCK TABLES;

--
-- Table structure for table `motor_atributes`
--

DROP TABLE IF EXISTS `motor_atributes`;
/*!40101 SET @saved_cs_client     = @@character_set_client */;
/*!50503 SET character_set_client = utf8mb4 */;
CREATE TABLE `motor_atributes` (
  `id` bigint unsigned NOT NULL AUTO_INCREMENT COMMENT 'Идентификатор строки',
  `price_type` enum('Negotiable price','Swap') CHARACTER SET utf8 COLLATE utf8_unicode_ci NOT NULL COMMENT 'Тип цены',
  `motor_model_id` int unsigned NOT NULL COMMENT 'Модель ТС',
  `motor_type_id` int unsigned NOT NULL COMMENT 'Тип ТС',
  `body_type` enum('Convertible','Coupe','Hatchback','MPV','Pickup','SUV','Saloon','Caravan') CHARACTER SET utf8 COLLATE utf8_unicode_ci NOT NULL COMMENT 'Тип кузова ТС',
  `gearbox` enum('Automatic','Manual') CHARACTER SET utf8 COLLATE utf8_unicode_ci NOT NULL COMMENT 'Тип трансмиссии ТС',
  `engine_size` int unsigned NOT NULL COMMENT 'Объем двигателя',
  `year` int unsigned NOT NULL COMMENT 'Год выпуска ТС',
  `motor_condition` enum('Used','New') CHARACTER SET utf8 COLLATE utf8_unicode_ci NOT NULL COMMENT 'Состояние ТС',
  `fuel_type` enum('Petrol','Diesel','Hybrid','LPG','Electric') CHARACTER SET utf8 COLLATE utf8_unicode_ci NOT NULL COMMENT 'Тип топлива ТС',
  `seats` int unsigned DEFAULT NULL COMMENT 'Кол-во мест ТС',
  `mileage` int unsigned DEFAULT NULL COMMENT 'Пробег ТС',
  `color` enum('White','Silver','Gray','Beige','Yellow','Orange','Red','Blue','Brown','Black','Green') CHARACTER SET utf8 COLLATE utf8_unicode_ci DEFAULT NULL COMMENT 'Цвет ТС',
  `location_on_map` varchar(30) CHARACTER SET utf8 COLLATE utf8_unicode_ci DEFAULT NULL COMMENT 'Ссылка на точку на карте, координаты',
  `created_at` datetime DEFAULT CURRENT_TIMESTAMP,
  `updated_at` datetime DEFAULT CURRENT_TIMESTAMP ON UPDATE CURRENT_TIMESTAMP,
  PRIMARY KEY (`id`),
  KEY `motor_atributes_motor_models_id_fk` (`motor_model_id`),
  KEY `motor_atributes_motor_types_id_fk` (`motor_type_id`),
  KEY `motor_atributes_year_idx` (`year`),
  KEY `motor_atributes_body_type_idx` (`body_type`),
  CONSTRAINT `motor_atributes_motor_models_id_fk` FOREIGN KEY (`motor_model_id`) REFERENCES `motor_models` (`id`),
  CONSTRAINT `motor_atributes_motor_types_id_fk` FOREIGN KEY (`motor_type_id`) REFERENCES `motor_types` (`id`)
) ENGINE=InnoDB AUTO_INCREMENT=101 DEFAULT CHARSET=utf8 COLLATE=utf8_unicode_ci COMMENT='Вторые части объявлений из категории ТС';
/*!40101 SET character_set_client = @saved_cs_client */;

--
-- Dumping data for table `motor_atributes`
--

LOCK TABLES `motor_atributes` WRITE;
/*!40000 ALTER TABLE `motor_atributes` DISABLE KEYS */;
INSERT INTO `motor_atributes` VALUES (1,'Negotiable price',1,1,'Pickup','Manual',4,2018,'Used','Diesel',9,102981,'White','-85.891320','1987-08-08 17:57:31','2013-07-21 12:35:05'),(2,'Negotiable price',2,2,'Hatchback','Manual',6,1994,'Used','Hybrid',8,398836,'White','-64.703264','2004-10-26 05:41:04','1998-07-23 06:05:05'),(3,'Negotiable price',3,3,'Caravan','Manual',1,2015,'New','Electric',8,539765,'Orange','78.825723','2000-01-30 03:42:53','2016-02-15 04:12:44'),(4,'Swap',4,4,'Coupe','Manual',4,1990,'New','Petrol',2,333003,'Beige','10.439939','1972-08-21 00:13:29','1973-03-25 22:14:52'),(5,'Negotiable price',5,5,'Convertible','Automatic',7,1972,'Used','Diesel',3,528245,'Gray','21.288413','2016-11-18 05:05:24','1989-06-23 05:41:56'),(6,'Negotiable price',6,6,'Saloon','Automatic',4,1973,'New','Diesel',5,486417,'Orange','-52.126727','1987-02-27 21:25:45','2003-06-21 01:35:27'),(7,'Negotiable price',7,7,'Hatchback','Automatic',7,2000,'Used','LPG',4,771545,'Blue','88.968382','1978-08-17 02:23:34','2005-03-18 09:35:08'),(8,'Swap',8,8,'Coupe','Automatic',1,1989,'Used','Petrol',6,14016,'Blue','45.261524','2019-10-25 05:13:58','1986-04-17 12:24:38'),(9,'Swap',9,9,'SUV','Automatic',4,1997,'Used','Petrol',1,10216,'Silver','70.658286','2000-10-10 20:43:08','1990-03-19 11:43:45'),(10,'Swap',10,10,'SUV','Automatic',6,1993,'New','Petrol',1,892967,'Gray','27.577976','1997-03-25 00:22:35','2016-06-26 19:55:05'),(11,'Negotiable price',11,11,'Coupe','Automatic',3,2005,'New','Electric',8,540313,'Orange','51.299826','2018-02-24 03:56:05','2013-08-27 02:10:46'),(12,'Negotiable price',12,12,'Saloon','Automatic',4,1972,'Used','Diesel',1,179647,'Yellow','65.149469','2007-11-02 19:11:27','2003-02-19 16:44:51'),(13,'Swap',13,13,'Convertible','Manual',6,1992,'New','Electric',6,310778,'Blue','-45.819341','2016-06-01 01:26:12','2014-03-11 17:14:35'),(14,'Negotiable price',14,14,'MPV','Automatic',2,1994,'Used','Petrol',6,100366,'Beige','42.207605','1984-05-18 10:07:14','1987-02-15 05:05:44'),(15,'Swap',15,15,'Convertible','Automatic',6,2005,'Used','Hybrid',0,800923,'Beige','-89.311246','1984-10-06 14:27:46','2004-01-06 02:07:55'),(16,'Negotiable price',16,16,'Saloon','Manual',1,1995,'New','Electric',3,688791,'Black','-13.661372','1983-06-15 01:33:08','1970-03-24 17:09:35'),(17,'Negotiable price',17,17,'Pickup','Automatic',9,1980,'New','Hybrid',3,767085,'White','-49.091217','1984-03-19 18:49:55','1992-11-29 00:22:08'),(18,'Negotiable price',18,18,'Pickup','Automatic',7,2020,'Used','LPG',6,622414,'White','-49.220173','1983-12-14 15:19:46','2006-03-15 04:27:15'),(19,'Swap',19,19,'Hatchback','Manual',9,2020,'New','LPG',6,593820,'Blue','28.573638','2003-05-07 15:42:40','1976-04-18 06:15:17'),(20,'Swap',20,20,'MPV','Manual',9,1999,'New','Petrol',7,492043,'Gray','-66.480266','1976-01-24 23:15:29','2005-07-07 01:38:39'),(21,'Swap',21,21,'Hatchback','Automatic',8,1985,'New','Hybrid',6,466581,'Silver','4.354998','2020-12-08 01:19:04','2016-02-14 23:34:38'),(22,'Negotiable price',22,22,'Saloon','Manual',6,1991,'Used','Electric',4,468427,'Blue','8.927784','2005-10-17 17:24:06','2003-12-29 02:42:45'),(23,'Swap',23,23,'Coupe','Automatic',7,1989,'New','Electric',0,259440,'White','-15.663166','2009-10-31 20:26:14','1991-10-21 14:12:33'),(24,'Swap',24,24,'Pickup','Manual',1,1999,'Used','Electric',9,297205,'Black','-31.974778','1981-08-21 18:32:03','1993-09-29 16:16:42'),(25,'Swap',25,25,'MPV','Manual',6,2014,'New','LPG',6,988351,'Brown','-75.530106','2012-07-09 17:58:36','2008-04-08 09:46:43'),(26,'Swap',26,26,'Hatchback','Manual',8,1998,'Used','Electric',6,765024,'White','-20.769222','1990-09-14 21:09:20','1971-05-28 02:58:06'),(27,'Negotiable price',27,27,'Pickup','Manual',10,1977,'New','Diesel',0,957187,'Orange','-55.602599','2014-02-05 01:12:49','2020-11-07 01:13:09'),(28,'Negotiable price',28,28,'SUV','Automatic',5,1996,'New','LPG',4,457713,'Silver','81.995132','1982-07-11 22:14:01','1995-04-30 08:15:47'),(29,'Swap',29,29,'MPV','Manual',8,1975,'Used','Electric',3,66361,'Blue','-67.658468','2019-12-03 02:22:42','2018-01-01 01:11:08'),(30,'Swap',30,30,'MPV','Automatic',6,1990,'Used','Petrol',2,349318,'White','10.252694','1985-02-17 19:35:51','1978-12-30 04:10:09'),(31,'Negotiable price',31,31,'Pickup','Manual',4,2004,'Used','Petrol',9,211656,'Beige','-76.347138','1989-11-27 00:13:22','2007-01-11 09:59:04'),(32,'Swap',32,32,'Hatchback','Manual',3,1978,'New','LPG',9,475778,'White','-79.775452','1989-05-19 03:09:47','2020-08-25 05:59:01'),(33,'Swap',33,33,'MPV','Manual',7,2017,'Used','Petrol',5,453290,'Orange','-42.658195','1992-04-27 09:09:42','1996-02-25 00:47:37'),(34,'Swap',34,34,'Coupe','Automatic',2,2001,'New','Petrol',4,386500,'Silver','17.806927','1977-05-06 03:38:13','1989-03-20 12:13:13'),(35,'Swap',35,35,'Caravan','Automatic',2,1980,'New','Diesel',9,850313,'Brown','9.535600','1995-06-11 11:35:50','1997-02-19 07:01:58'),(36,'Swap',36,36,'Pickup','Automatic',8,2006,'Used','Diesel',2,486250,'Yellow','66.048975','1978-12-09 04:27:08','1996-04-21 22:07:19'),(37,'Negotiable price',37,37,'Pickup','Manual',7,1982,'New','Electric',9,6614,'Green','-65.424734','2005-06-19 08:36:34','1976-05-22 10:37:58'),(38,'Negotiable price',38,38,'Hatchback','Automatic',2,1973,'New','Hybrid',8,260020,'Red','68.384791','1983-03-20 23:36:16','1993-03-21 00:25:18'),(39,'Swap',39,39,'Convertible','Manual',4,2015,'Used','Diesel',0,407584,'Brown','50.336669','2005-12-07 18:08:30','2018-12-29 18:38:55'),(40,'Swap',40,40,'MPV','Manual',7,1991,'Used','Diesel',1,861155,'Yellow','-45.099925','2013-12-04 02:43:03','1990-04-23 02:41:02'),(41,'Negotiable price',41,41,'Pickup','Manual',10,2008,'Used','Diesel',9,597533,'Black','-60.311021','1983-12-24 11:54:34','2002-05-25 10:43:08'),(42,'Swap',42,42,'Convertible','Manual',1,2005,'New','Hybrid',9,213940,'Orange','49.905293','1970-11-20 14:15:46','1972-10-16 11:09:13'),(43,'Negotiable price',43,43,'Saloon','Manual',2,1990,'Used','Electric',4,201836,'Brown','47.626055','2001-06-08 14:26:31','2009-04-25 22:18:56'),(44,'Swap',44,44,'Pickup','Automatic',8,1978,'New','Hybrid',5,986222,'Brown','47.615466','1978-06-28 15:58:00','2009-04-13 03:27:01'),(45,'Negotiable price',45,45,'Pickup','Automatic',5,1983,'New','Electric',3,659350,'Blue','-73.691249','1974-07-16 05:10:03','2019-05-08 06:25:16'),(46,'Swap',46,46,'MPV','Automatic',6,2015,'Used','LPG',5,163627,'Orange','43.695648','2018-09-08 05:16:02','2010-05-18 00:52:59'),(47,'Negotiable price',47,47,'Caravan','Automatic',8,2010,'New','LPG',8,818043,'White','-45.151648','2005-05-22 11:56:12','1994-11-12 19:18:00'),(48,'Negotiable price',48,48,'Convertible','Manual',1,2018,'Used','Diesel',3,133019,'Black','32.520677','1995-04-10 23:31:14','2011-04-04 08:45:51'),(49,'Negotiable price',49,49,'Pickup','Automatic',5,1971,'New','LPG',2,353649,'Blue','-19.628779','2012-01-06 03:27:57','1988-05-03 03:10:30'),(50,'Negotiable price',50,50,'MPV','Manual',6,2016,'New','Diesel',5,778455,'White','81.931385','2019-05-03 18:11:27','1970-07-31 09:34:27'),(51,'Negotiable price',51,51,'MPV','Automatic',9,1996,'New','Hybrid',0,804631,'Silver','-84.615638','2012-01-19 19:30:19','1993-01-29 13:21:27'),(52,'Negotiable price',52,52,'MPV','Manual',6,1993,'Used','Diesel',2,7087,'Yellow','37.799187','1997-08-15 11:41:56','1973-04-01 07:40:13'),(53,'Swap',53,53,'MPV','Manual',3,1986,'Used','LPG',8,574331,'Brown','-55.629237','1989-03-10 22:28:49','1984-01-18 15:08:37'),(54,'Swap',54,54,'SUV','Manual',9,2000,'New','Diesel',2,494418,'Silver','-47.396284','2016-06-11 22:10:40','2000-04-19 01:25:51'),(55,'Swap',55,55,'Convertible','Automatic',10,1992,'Used','Hybrid',4,951136,'White','15.171866','1983-06-02 00:29:40','2001-12-05 19:34:35'),(56,'Negotiable price',56,56,'Pickup','Automatic',7,1989,'New','Diesel',3,328444,'Green','39.940680','1986-10-09 16:13:30','1998-10-12 13:21:22'),(57,'Swap',57,57,'MPV','Manual',4,1979,'New','Petrol',8,765011,'Blue','-65.017808','1996-08-01 09:30:09','1971-04-23 23:12:14'),(58,'Negotiable price',58,58,'MPV','Manual',3,1991,'Used','Electric',7,643261,'Brown','-30.015985','2007-03-30 02:45:10','1995-12-19 20:04:22'),(59,'Swap',59,59,'Pickup','Automatic',9,1979,'Used','LPG',9,582416,'Black','80.279233','1997-11-02 19:20:09','2016-06-14 05:37:47'),(60,'Swap',60,60,'Pickup','Manual',3,1978,'Used','Petrol',5,722250,'Silver','-64.499454','1986-12-21 04:49:58','1996-11-15 06:55:06'),(61,'Negotiable price',61,61,'SUV','Manual',9,2012,'New','Electric',6,987932,'Green','19.045848','2002-02-16 02:51:05','2010-07-29 06:46:21'),(62,'Swap',62,62,'SUV','Manual',9,1985,'New','Diesel',4,405796,'Red','52.466120','2019-05-29 00:43:20','2008-02-20 00:02:14'),(63,'Swap',63,63,'SUV','Automatic',6,1977,'Used','Petrol',6,404958,'Brown','-62.812113','2017-04-07 17:27:09','2008-08-16 23:39:07'),(64,'Swap',64,64,'Convertible','Automatic',10,1991,'Used','Diesel',6,540853,'Silver','-17.594915','1989-03-26 16:17:51','2009-11-22 14:07:21'),(65,'Swap',65,65,'Pickup','Manual',8,1987,'Used','LPG',8,253282,'Yellow','6.184108','2011-05-27 05:25:18','1981-05-21 05:29:48'),(66,'Swap',66,66,'Caravan','Manual',3,2012,'New','Diesel',2,901699,'Brown','-20.658876','2004-04-23 19:51:25','1987-04-05 05:24:12'),(67,'Negotiable price',67,67,'Saloon','Manual',5,1990,'Used','Hybrid',4,360099,'Blue','42.556558','2011-01-12 15:33:40','2011-02-06 12:17:57'),(68,'Swap',68,68,'Hatchback','Automatic',8,1971,'New','Petrol',7,113836,'Brown','-28.684393','1991-03-21 19:33:48','2016-09-21 04:02:37'),(69,'Negotiable price',69,69,'Coupe','Manual',7,2018,'Used','Electric',2,674842,'Blue','55.149901','1987-08-25 19:45:13','1980-02-23 13:31:53'),(70,'Swap',70,70,'SUV','Automatic',4,2004,'Used','LPG',0,848168,'Green','14.940416','1971-08-17 04:09:30','1996-04-06 03:11:51'),(71,'Negotiable price',71,71,'MPV','Manual',7,1976,'New','LPG',5,460819,'Brown','-52.974824','1973-10-23 18:36:49','2018-07-21 17:45:53'),(72,'Negotiable price',72,72,'Hatchback','Manual',3,2013,'Used','Hybrid',1,633304,'Orange','58.939063','1998-06-27 12:27:49','1986-03-03 11:09:55'),(73,'Swap',73,73,'Pickup','Automatic',1,1987,'New','Diesel',7,705273,'Brown','-49.927463','2014-10-09 04:43:21','2016-11-15 17:24:42'),(74,'Negotiable price',74,74,'Pickup','Automatic',2,1981,'New','Diesel',3,586019,'Red','-61.746376','1977-01-07 04:42:40','1980-03-13 10:37:42'),(75,'Negotiable price',75,75,'Saloon','Manual',3,1996,'New','LPG',7,892186,'Beige','46.538015','1986-12-05 11:41:34','1976-12-28 02:15:03'),(76,'Swap',76,76,'Convertible','Automatic',1,1989,'Used','Petrol',6,400231,'Green','-56.451268','2011-02-26 15:00:22','1976-04-30 16:23:40'),(77,'Swap',77,77,'Saloon','Automatic',5,2012,'New','Hybrid',5,974893,'Gray','78.164407','2001-09-05 19:32:30','1975-09-25 02:19:25'),(78,'Swap',78,78,'Pickup','Automatic',2,2007,'Used','Hybrid',5,985850,'White','-11.556940','2019-04-11 23:56:52','1997-08-27 13:22:44'),(79,'Negotiable price',79,79,'SUV','Manual',4,1985,'New','Petrol',3,522898,'Blue','63.557898','1970-10-01 17:53:37','1974-08-06 02:07:13'),(80,'Negotiable price',80,80,'Pickup','Manual',3,1982,'Used','Diesel',3,862531,'Red','24.045961','2013-12-22 05:50:00','1993-05-12 19:09:36'),(81,'Swap',81,81,'Caravan','Manual',6,1979,'New','Hybrid',3,11442,'Black','51.671067','2005-11-01 22:15:57','1985-10-16 05:13:17'),(82,'Swap',82,82,'MPV','Automatic',5,1994,'New','Hybrid',4,249446,'Gray','18.011803','1975-06-15 04:39:50','2004-12-19 10:01:36'),(83,'Swap',83,83,'Caravan','Automatic',9,2006,'Used','LPG',3,106220,'Orange','71.154785','2015-06-09 01:20:33','1994-12-12 10:08:35'),(84,'Swap',84,84,'Coupe','Automatic',8,2007,'New','Electric',7,808251,'Red','57.804770','2002-07-05 11:41:42','2007-09-05 11:20:26'),(85,'Swap',85,85,'Hatchback','Manual',5,1993,'New','Electric',5,268182,'Orange','-72.581476','2015-07-20 00:06:03','2005-11-11 06:05:46'),(86,'Swap',86,86,'Pickup','Automatic',4,2002,'New','Electric',1,283429,'Orange','19.422464','1986-04-26 12:09:29','2004-09-12 15:19:11'),(87,'Swap',87,87,'MPV','Automatic',7,1980,'Used','LPG',8,392203,'Brown','-66.636171','1993-09-14 07:25:30','1997-12-17 06:27:54'),(88,'Negotiable price',88,88,'MPV','Manual',8,1986,'New','Petrol',4,572488,'White','43.695705','1998-10-29 22:35:24','1982-11-12 09:05:00'),(89,'Swap',89,89,'Hatchback','Automatic',2,1981,'New','LPG',4,988265,'Brown','-59.320973','1990-12-20 11:10:35','2003-09-06 01:25:14'),(90,'Negotiable price',90,90,'Coupe','Automatic',8,2005,'New','Hybrid',1,5287,'Gray','22.234314','1989-01-20 05:50:29','1978-09-12 15:38:25'),(91,'Swap',91,91,'Pickup','Manual',4,1974,'Used','Electric',0,544340,'Black','9.361416','1989-10-31 03:41:26','2004-10-10 11:42:51'),(92,'Swap',92,92,'Saloon','Automatic',7,1983,'New','Electric',2,771691,'Black','-20.590750','2008-12-21 19:07:41','1997-09-16 06:52:45'),(93,'Negotiable price',93,93,'Hatchback','Manual',3,2012,'Used','Diesel',4,646599,'Green','-47.520976','2007-01-18 01:43:30','1971-07-25 08:15:20'),(94,'Swap',94,94,'SUV','Manual',10,2019,'Used','Diesel',7,448731,'Yellow','0.508669','2016-02-03 13:42:50','1971-02-26 14:34:55'),(95,'Negotiable price',95,95,'Caravan','Manual',9,2008,'New','LPG',9,704908,'Black','12.930527','1992-04-23 01:56:35','1974-11-26 06:17:55'),(96,'Negotiable price',96,96,'Coupe','Manual',1,2008,'New','LPG',0,508310,'Yellow','-62.881833','2003-09-06 07:56:42','1985-02-02 21:34:49'),(97,'Negotiable price',97,97,'MPV','Manual',1,2003,'Used','Hybrid',7,218395,'Beige','-44.685365','1997-06-24 07:55:47','2009-09-20 18:04:20'),(98,'Swap',98,98,'Coupe','Manual',4,1990,'New','LPG',5,633899,'Blue','-15.530095','2006-09-08 14:31:48','2000-12-02 08:44:05'),(99,'Swap',99,99,'Hatchback','Manual',7,1970,'New','Diesel',4,308103,'Gray','81.468451','2006-11-22 10:11:27','2017-01-01 22:09:34'),(100,'Negotiable price',100,100,'Caravan','Manual',9,2004,'New','Electric',8,456623,'Silver','33.562985','1996-08-27 18:22:30','1982-08-12 23:54:25');
/*!40000 ALTER TABLE `motor_atributes` ENABLE KEYS */;
UNLOCK TABLES;

--
-- Table structure for table `motor_manufacturers`
--

DROP TABLE IF EXISTS `motor_manufacturers`;
/*!40101 SET @saved_cs_client     = @@character_set_client */;
/*!50503 SET character_set_client = utf8mb4 */;
CREATE TABLE `motor_manufacturers` (
  `id` int unsigned NOT NULL AUTO_INCREMENT COMMENT 'Идентификатор строки',
  `name` varchar(50) CHARACTER SET utf8 COLLATE utf8_unicode_ci DEFAULT NULL COMMENT 'Производитель',
  `created_at` datetime DEFAULT CURRENT_TIMESTAMP,
  `updated_at` datetime DEFAULT CURRENT_TIMESTAMP ON UPDATE CURRENT_TIMESTAMP,
  PRIMARY KEY (`id`)
) ENGINE=InnoDB AUTO_INCREMENT=101 DEFAULT CHARSET=utf8 COLLATE=utf8_unicode_ci COMMENT='Производители ТС';
/*!40101 SET character_set_client = @saved_cs_client */;

--
-- Dumping data for table `motor_manufacturers`
--

LOCK TABLES `motor_manufacturers` WRITE;
/*!40000 ALTER TABLE `motor_manufacturers` DISABLE KEYS */;
INSERT INTO `motor_manufacturers` VALUES (1,'quis','2012-07-07 19:58:49','1983-11-07 11:57:33'),(2,'sit','1998-04-03 09:10:02','2001-01-22 02:55:17'),(3,'saepe','1976-10-11 17:22:20','2001-07-22 14:14:04'),(4,'id','1984-03-21 09:44:25','1994-04-24 09:35:36'),(5,'vero','1975-03-20 18:27:28','2018-07-19 07:37:55'),(6,'tenetur','2003-03-04 17:04:00','2015-01-08 03:17:59'),(7,'libero','2000-08-17 03:18:59','2016-01-15 11:38:43'),(8,'aut','2014-07-06 20:18:47','2000-11-29 18:52:54'),(9,'totam','1997-05-10 20:53:20','2001-07-06 03:26:11'),(10,'labore','2003-08-28 05:48:43','2015-07-19 19:15:05'),(11,'debitis','2016-04-05 01:11:14','2005-03-13 23:26:09'),(12,'et','1979-01-09 01:45:11','2006-09-23 07:25:30'),(13,'et','1980-10-25 21:40:13','1977-11-24 13:02:08'),(14,'dolores','1996-06-28 11:42:37','2014-08-05 23:57:35'),(15,'est','1982-01-23 08:25:14','2006-04-01 16:59:17'),(16,'neque','1997-03-04 12:58:56','1989-01-09 22:56:37'),(17,'qui','2010-01-11 04:38:08','1980-01-14 21:32:38'),(18,'minima','1973-10-26 19:18:28','1970-12-23 17:13:45'),(19,'est','2004-03-24 17:46:41','2011-04-29 04:52:59'),(20,'repudiandae','2004-02-03 10:37:18','1987-04-24 11:12:46'),(21,'error','1989-06-27 01:35:14','1984-03-29 06:21:16'),(22,'qui','1992-11-10 19:53:05','1996-09-25 08:39:13'),(23,'reiciendis','2012-10-19 12:25:12','1974-11-25 07:06:03'),(24,'repellat','1988-12-04 05:58:11','1988-12-13 21:09:08'),(25,'commodi','1983-10-24 13:56:35','2011-12-04 13:24:51'),(26,'voluptate','1979-02-11 19:01:52','2012-10-26 09:15:44'),(27,'officia','2019-06-29 08:11:26','2010-01-07 17:30:23'),(28,'nostrum','1983-05-16 19:15:37','2006-11-02 10:10:38'),(29,'fugiat','1994-01-05 18:27:13','1989-09-17 17:16:51'),(30,'dolorum','2001-01-18 00:37:17','1982-03-16 19:02:22'),(31,'necessitatibus','1988-02-13 04:03:05','1988-08-11 17:08:16'),(32,'tenetur','1999-02-03 19:25:21','1993-05-04 21:21:09'),(33,'sapiente','1983-01-06 23:11:36','1972-01-18 08:01:33'),(34,'cupiditate','1984-11-08 06:20:45','2004-09-23 04:59:04'),(35,'quod','2005-02-28 19:12:04','1983-06-30 11:03:26'),(36,'molestias','2003-03-14 20:22:18','1997-11-17 09:39:06'),(37,'nostrum','1976-12-11 15:09:14','2013-01-21 01:13:36'),(38,'dolores','2004-05-26 18:16:17','1989-12-23 00:57:43'),(39,'at','1981-04-04 11:45:10','1998-01-16 06:26:07'),(40,'maxime','1988-03-18 08:20:06','1997-12-30 00:16:18'),(41,'sint','1971-12-19 05:24:03','1976-09-24 15:24:26'),(42,'sint','1996-01-25 22:09:18','1999-02-03 03:58:06'),(43,'rerum','1995-04-08 03:01:00','2005-12-27 15:04:38'),(44,'labore','2011-06-09 00:59:30','1973-09-11 17:56:05'),(45,'repudiandae','2018-03-01 09:38:02','1981-04-19 14:04:32'),(46,'aut','2015-04-28 20:45:10','2012-09-21 21:21:44'),(47,'occaecati','1975-03-31 15:53:30','2015-10-11 04:37:38'),(48,'ex','2004-05-28 21:23:22','2004-07-12 16:02:39'),(49,'sed','1978-11-04 07:50:31','2015-12-05 19:29:33'),(50,'nulla','1989-01-28 15:46:49','2014-06-19 18:14:21'),(51,'consequatur','1992-05-12 02:42:03','2003-08-04 09:32:38'),(52,'dolor','2015-08-23 03:35:12','1976-09-29 23:10:23'),(53,'architecto','1988-05-30 06:01:11','2020-07-01 11:38:28'),(54,'assumenda','2012-06-15 19:37:04','2009-06-29 13:42:38'),(55,'pariatur','2011-08-21 03:58:32','1977-12-01 00:18:31'),(56,'perspiciatis','1989-07-19 02:29:43','1995-03-12 02:23:05'),(57,'omnis','1984-04-17 20:49:12','2009-11-12 01:24:00'),(58,'et','2012-04-18 17:43:45','2011-03-13 16:09:07'),(59,'laborum','2002-11-15 01:01:06','2000-12-16 06:50:05'),(60,'consequatur','1994-11-24 06:53:34','1975-04-25 16:53:27'),(61,'ad','1991-09-22 20:00:28','1994-01-24 18:20:41'),(62,'quaerat','2018-06-08 16:39:15','2020-01-11 08:21:31'),(63,'laborum','2020-06-23 22:57:22','1971-01-13 09:14:25'),(64,'placeat','2005-02-21 04:44:59','1970-02-14 17:32:39'),(65,'maxime','1986-12-20 13:19:17','1972-10-02 03:31:29'),(66,'aut','1985-12-20 00:02:10','1995-04-16 23:28:28'),(67,'saepe','1971-11-26 10:12:12','1992-08-13 17:21:19'),(68,'aut','1985-12-17 01:00:37','1970-04-08 10:47:29'),(69,'quos','2015-11-16 16:29:33','2000-04-23 10:26:42'),(70,'molestiae','2005-08-09 08:30:20','2014-04-17 15:40:50'),(71,'vel','1997-05-08 17:32:29','1991-01-17 23:37:05'),(72,'esse','2013-06-16 12:28:44','1978-11-10 10:50:21'),(73,'mollitia','1974-05-05 12:53:09','2011-10-28 00:21:01'),(74,'numquam','1978-12-23 13:05:45','2012-11-15 09:02:01'),(75,'magnam','1997-07-31 18:16:24','2002-07-09 14:31:57'),(76,'eveniet','1974-08-17 09:34:58','2015-12-24 03:20:48'),(77,'commodi','2014-12-07 07:40:03','2019-08-19 02:11:08'),(78,'et','1981-03-25 16:19:54','1982-02-07 14:38:47'),(79,'iste','1970-08-29 08:24:27','2015-01-07 19:23:55'),(80,'laboriosam','1974-06-11 03:44:26','2006-01-06 00:07:33'),(81,'delectus','1984-07-20 04:40:23','1978-05-14 21:48:46'),(82,'in','2012-01-19 06:26:27','2004-08-20 14:00:35'),(83,'incidunt','1995-07-06 20:19:43','1994-10-22 19:11:22'),(84,'tempora','2016-03-08 01:42:13','2008-07-31 03:29:59'),(85,'qui','2006-03-19 20:14:16','1991-12-16 16:38:38'),(86,'ut','1985-04-25 11:17:04','1974-03-15 18:46:36'),(87,'dolor','1982-04-07 04:55:50','2012-07-18 15:56:20'),(88,'voluptatem','1997-11-01 00:47:25','1972-06-20 07:57:37'),(89,'reiciendis','1996-04-07 04:17:23','1994-02-12 13:49:42'),(90,'exercitationem','1980-02-25 08:20:40','1985-10-30 04:12:31'),(91,'magnam','1973-12-21 23:19:30','1997-12-16 20:28:19'),(92,'aut','1997-06-07 09:07:53','1990-09-30 02:07:44'),(93,'rerum','2015-04-09 03:21:59','1995-07-05 04:43:13'),(94,'minus','2003-06-14 12:06:24','1980-05-15 23:00:15'),(95,'illum','1977-12-28 08:01:20','2008-06-08 15:29:11'),(96,'amet','2013-01-29 20:48:07','1983-10-31 20:07:29'),(97,'itaque','1973-03-07 02:08:46','1998-05-22 21:10:53'),(98,'in','1995-06-28 15:03:51','2002-02-18 10:54:39'),(99,'distinctio','2002-08-31 12:22:04','1972-10-06 11:27:25'),(100,'nesciunt','2011-03-19 01:06:40','1984-02-07 09:19:18');
/*!40000 ALTER TABLE `motor_manufacturers` ENABLE KEYS */;
UNLOCK TABLES;

--
-- Temporary view structure for view `motor_model_atribute`
--

DROP TABLE IF EXISTS `motor_model_atribute`;
/*!50001 DROP VIEW IF EXISTS `motor_model_atribute`*/;
SET @saved_cs_client     = @@character_set_client;
/*!50503 SET character_set_client = utf8mb4 */;
/*!50001 CREATE VIEW `motor_model_atribute` AS SELECT 
 1 AS `motor_model`,
 1 AS `year`*/;
SET character_set_client = @saved_cs_client;

--
-- Table structure for table `motor_models`
--

DROP TABLE IF EXISTS `motor_models`;
/*!40101 SET @saved_cs_client     = @@character_set_client */;
/*!50503 SET character_set_client = utf8mb4 */;
CREATE TABLE `motor_models` (
  `id` int unsigned NOT NULL AUTO_INCREMENT COMMENT 'Идентификатор строки',
  `motor_manufacturer_id` int unsigned DEFAULT NULL COMMENT 'Ссылка на производителя',
  `name` varchar(50) CHARACTER SET utf8 COLLATE utf8_unicode_ci NOT NULL COMMENT 'Название модели',
  `created_at` datetime DEFAULT CURRENT_TIMESTAMP,
  `updated_at` datetime DEFAULT CURRENT_TIMESTAMP ON UPDATE CURRENT_TIMESTAMP,
  PRIMARY KEY (`id`),
  KEY `motor_models_motor_manufacturers_id_fk` (`motor_manufacturer_id`),
  CONSTRAINT `motor_models_motor_manufacturers_id_fk` FOREIGN KEY (`motor_manufacturer_id`) REFERENCES `motor_manufacturers` (`id`)
) ENGINE=InnoDB AUTO_INCREMENT=101 DEFAULT CHARSET=utf8 COLLATE=utf8_unicode_ci COMMENT='Модели ТС';
/*!40101 SET character_set_client = @saved_cs_client */;

--
-- Dumping data for table `motor_models`
--

LOCK TABLES `motor_models` WRITE;
/*!40000 ALTER TABLE `motor_models` DISABLE KEYS */;
INSERT INTO `motor_models` VALUES (1,1,'ipsa','2016-12-25 00:49:03','2013-09-06 17:46:23'),(2,2,'inventore','1989-06-13 05:00:27','1983-11-21 15:37:23'),(3,3,'sapiente','2000-05-05 08:17:15','1993-09-02 06:09:51'),(4,4,'sapiente','2017-06-30 13:45:38','2000-03-09 15:28:57'),(5,5,'molestiae','2002-03-30 23:57:45','2014-05-13 20:07:01'),(6,6,'et','2008-10-17 09:15:05','1989-03-25 05:19:09'),(7,7,'eum','1996-04-16 05:51:09','2001-12-26 02:37:46'),(8,8,'nam','2019-06-05 17:31:40','1995-12-04 22:53:17'),(9,9,'praesentium','1983-03-13 20:41:03','1983-10-03 23:38:02'),(10,10,'aliquid','1981-08-06 06:59:47','2017-01-25 22:38:29'),(11,11,'recusandae','1972-08-15 15:59:56','1980-12-12 16:25:50'),(12,12,'excepturi','2018-11-03 02:17:49','1996-12-23 13:30:23'),(13,13,'eaque','2018-06-10 22:35:10','2003-03-17 00:03:56'),(14,14,'molestiae','1973-10-15 02:20:33','1985-10-09 15:39:10'),(15,15,'et','1984-07-16 10:43:37','2013-11-18 04:32:35'),(16,16,'nulla','1978-10-17 12:24:57','2015-10-02 18:57:33'),(17,17,'alias','1999-08-21 21:47:30','2002-02-09 18:02:09'),(18,18,'velit','1996-10-25 02:52:08','1993-07-09 07:37:08'),(19,19,'architecto','2017-04-28 03:28:35','2017-11-01 07:59:00'),(20,20,'et','2015-05-22 01:58:03','1970-12-02 12:03:34'),(21,21,'necessitatibus','1995-05-14 17:07:50','1990-04-04 17:00:14'),(22,22,'voluptatibus','1980-06-14 08:38:35','1974-12-31 12:07:15'),(23,23,'aut','1975-09-19 01:02:16','1994-04-24 11:06:31'),(24,24,'illo','2016-06-13 10:36:17','2013-05-22 13:28:16'),(25,25,'in','1992-03-23 10:40:37','1986-02-04 17:34:39'),(26,26,'dignissimos','1975-01-27 21:22:57','2001-02-15 19:36:29'),(27,27,'sit','1979-07-31 18:20:42','1982-03-31 15:55:01'),(28,28,'sit','1979-09-10 20:31:39','2014-01-30 23:57:29'),(29,29,'labore','1977-08-23 15:18:16','2003-11-12 14:16:22'),(30,30,'voluptas','2015-01-16 10:23:57','1984-04-05 20:36:50'),(31,31,'saepe','2002-09-05 21:19:16','1975-03-21 04:57:11'),(32,32,'cum','1977-12-11 16:55:31','2004-06-25 03:33:51'),(33,33,'autem','1979-02-26 07:42:02','1970-07-15 12:38:33'),(34,34,'ipsa','1971-10-31 21:08:40','1973-05-27 21:25:19'),(35,35,'cupiditate','2002-12-06 20:58:20','1980-07-19 07:42:51'),(36,36,'delectus','2000-10-05 02:36:26','1973-07-10 23:34:58'),(37,37,'et','2002-07-19 20:39:15','2014-02-04 01:49:47'),(38,38,'qui','1970-02-26 02:47:32','2009-12-24 20:04:42'),(39,39,'suscipit','1996-03-23 03:37:56','1973-07-20 02:26:30'),(40,40,'ea','2013-05-30 07:00:18','1990-04-14 05:17:48'),(41,41,'autem','2000-04-30 11:58:46','1976-01-20 14:04:02'),(42,42,'est','2020-04-14 02:37:48','1983-06-27 14:17:29'),(43,43,'voluptatem','2014-02-22 01:45:38','1989-12-13 18:50:15'),(44,44,'autem','1972-11-23 19:00:34','1981-11-17 19:27:23'),(45,45,'quia','2012-05-31 18:29:45','2007-06-21 03:13:08'),(46,46,'quaerat','2014-02-08 23:05:12','1989-04-12 05:27:11'),(47,47,'et','1982-08-23 12:48:10','2017-10-16 10:59:19'),(48,48,'aut','2018-07-13 06:30:00','2017-02-19 22:41:45'),(49,49,'in','1997-05-11 23:55:19','1990-05-07 17:18:37'),(50,50,'unde','1980-07-29 10:34:23','2009-03-14 20:40:11'),(51,51,'et','2012-12-12 04:04:59','1985-06-19 00:24:22'),(52,52,'incidunt','2020-07-18 19:15:31','1971-05-18 16:31:28'),(53,53,'eos','1973-06-14 11:43:01','1986-08-20 15:10:23'),(54,54,'velit','2009-12-06 11:56:33','2008-07-27 07:33:37'),(55,55,'maxime','2015-08-09 19:17:50','2012-10-10 10:55:37'),(56,56,'iste','1970-09-27 18:46:07','1997-04-03 18:54:43'),(57,57,'eos','1989-10-29 17:23:25','1992-10-19 07:24:56'),(58,58,'culpa','1974-01-12 01:10:07','2002-08-18 09:56:29'),(59,59,'dolorem','2013-04-10 13:25:19','2003-12-08 23:09:21'),(60,60,'non','2003-11-24 00:28:51','2010-07-06 21:58:39'),(61,61,'similique','1981-05-16 14:15:21','2020-04-13 11:48:47'),(62,62,'voluptas','2010-07-10 04:48:03','2019-11-23 02:16:21'),(63,63,'sapiente','1976-07-19 16:01:09','1995-04-15 16:24:55'),(64,64,'magnam','1973-10-15 03:39:22','2016-01-06 12:35:05'),(65,65,'delectus','2008-09-28 13:52:36','1990-02-04 11:39:15'),(66,66,'eius','1973-10-01 22:56:04','2009-03-27 14:25:27'),(67,67,'commodi','2014-09-05 11:34:38','2004-09-16 08:47:15'),(68,68,'non','2000-09-07 18:51:07','1996-12-25 06:15:32'),(69,69,'numquam','1992-11-14 12:55:39','2011-02-22 02:35:25'),(70,70,'qui','2008-07-03 13:11:26','2015-04-30 14:21:52'),(71,71,'ut','1977-09-16 09:28:10','2010-10-16 20:19:25'),(72,72,'vitae','2010-01-16 14:55:01','2012-11-07 06:51:46'),(73,73,'voluptate','2017-08-31 14:02:32','1987-12-13 16:43:45'),(74,74,'consequatur','1989-03-27 18:32:28','1992-05-30 12:21:47'),(75,75,'sed','2006-11-16 14:03:58','2018-12-09 10:46:18'),(76,76,'ratione','1984-03-31 02:44:57','1979-09-03 17:33:56'),(77,77,'dicta','2018-01-09 10:26:43','2017-12-30 10:22:07'),(78,78,'sit','2001-10-08 04:31:38','2007-07-10 21:12:33'),(79,79,'magni','1996-12-10 20:43:34','1991-03-26 10:16:53'),(80,80,'voluptatem','2001-01-31 23:52:37','2004-11-27 11:41:12'),(81,81,'modi','2017-07-31 23:59:30','1997-02-12 09:56:51'),(82,82,'ducimus','2013-02-27 08:10:25','1992-05-23 08:29:07'),(83,83,'aspernatur','1999-06-15 12:15:37','1995-06-28 05:10:30'),(84,84,'molestias','1991-04-27 21:50:49','2014-09-06 16:05:06'),(85,85,'temporibus','1992-09-27 03:23:47','1981-05-17 16:11:56'),(86,86,'quae','1974-02-24 17:08:44','2002-11-13 20:34:57'),(87,87,'et','2003-05-05 05:16:48','2014-03-04 13:56:53'),(88,88,'et','1975-10-14 01:08:00','1987-11-27 15:49:42'),(89,89,'enim','2000-08-03 18:52:11','2009-07-25 11:02:45'),(90,90,'vel','1976-03-27 09:31:52','2011-09-03 16:17:32'),(91,91,'eveniet','2018-06-22 11:33:02','2014-11-20 04:39:16'),(92,92,'labore','2012-07-24 22:48:03','1992-09-18 12:21:08'),(93,93,'eos','1998-11-24 06:29:32','1995-05-18 09:54:03'),(94,94,'molestiae','2013-09-09 22:47:23','1996-02-04 23:36:54'),(95,95,'dignissimos','2008-04-20 04:01:50','2012-10-01 08:01:12'),(96,96,'eos','2013-11-24 23:20:22','2000-12-31 02:51:25'),(97,97,'et','1971-07-04 23:11:38','1999-08-24 22:08:15'),(98,98,'veritatis','1975-01-11 07:17:22','2014-01-20 07:48:35'),(99,99,'veritatis','1983-02-05 23:59:21','1994-11-10 07:34:35'),(100,100,'ea','1988-03-22 12:24:47','1993-10-19 23:17:40');
/*!40000 ALTER TABLE `motor_models` ENABLE KEYS */;
UNLOCK TABLES;

--
-- Table structure for table `motor_types`
--

DROP TABLE IF EXISTS `motor_types`;
/*!40101 SET @saved_cs_client     = @@character_set_client */;
/*!50503 SET character_set_client = utf8mb4 */;
CREATE TABLE `motor_types` (
  `id` int unsigned NOT NULL AUTO_INCREMENT COMMENT 'Идентификатор строки',
  `name` varchar(50) CHARACTER SET utf8 COLLATE utf8_unicode_ci DEFAULT NULL COMMENT 'Тип ТС',
  `created_at` datetime DEFAULT CURRENT_TIMESTAMP,
  `updated_at` datetime DEFAULT CURRENT_TIMESTAMP ON UPDATE CURRENT_TIMESTAMP,
  PRIMARY KEY (`id`)
) ENGINE=InnoDB AUTO_INCREMENT=101 DEFAULT CHARSET=utf8 COLLATE=utf8_unicode_ci COMMENT='Типы ТС';
/*!40101 SET character_set_client = @saved_cs_client */;

--
-- Dumping data for table `motor_types`
--

LOCK TABLES `motor_types` WRITE;
/*!40000 ALTER TABLE `motor_types` DISABLE KEYS */;
INSERT INTO `motor_types` VALUES (1,'deserunt','1989-04-13 22:52:25','2004-06-14 02:37:01'),(2,'quae','2000-07-01 21:33:16','1995-07-06 14:29:44'),(3,'dolorum','2006-10-16 17:54:50','1980-01-14 19:36:03'),(4,'eos','2005-03-23 00:32:07','1999-04-10 21:59:44'),(5,'nostrum','1995-09-01 16:01:43','1990-02-06 04:29:18'),(6,'nam','1986-01-25 16:27:08','2003-12-27 07:52:51'),(7,'repudiandae','1974-01-23 23:40:31','1988-08-15 20:54:48'),(8,'quasi','1985-09-21 10:10:01','1970-01-14 04:21:57'),(9,'qui','2004-09-14 06:24:41','1978-02-01 17:15:16'),(10,'mollitia','1983-11-08 19:19:43','2003-06-23 06:11:27'),(11,'quo','2007-09-05 00:30:08','1983-10-02 18:20:14'),(12,'nihil','2004-07-03 15:26:13','2005-02-18 05:09:27'),(13,'quos','1995-12-13 04:42:09','1974-08-16 21:07:09'),(14,'illum','1982-04-19 08:41:01','1996-12-05 08:37:26'),(15,'pariatur','2018-09-15 23:02:38','1981-01-29 05:22:29'),(16,'et','2005-05-07 05:58:10','1995-01-26 09:23:09'),(17,'error','2008-01-10 09:47:39','1989-10-03 16:34:38'),(18,'rerum','1992-08-14 10:14:03','1998-07-11 20:13:25'),(19,'recusandae','2015-03-09 03:29:55','2016-03-22 03:39:48'),(20,'corporis','2010-09-06 02:57:08','1995-08-06 06:46:48'),(21,'ab','1984-07-08 06:21:52','2002-04-09 04:13:33'),(22,'perferendis','2000-11-28 13:30:03','1980-06-13 05:24:50'),(23,'omnis','1994-10-23 18:02:53','1993-05-23 17:17:22'),(24,'illo','1987-07-13 21:53:11','1984-03-06 15:54:45'),(25,'est','2005-02-26 11:03:39','2007-06-04 06:43:24'),(26,'omnis','2000-07-23 19:39:26','2005-06-12 09:38:37'),(27,'est','1975-08-20 07:41:47','1995-06-12 00:50:48'),(28,'ducimus','1973-02-09 06:25:18','2015-05-22 14:04:05'),(29,'ad','2006-02-05 00:17:44','2017-03-23 10:04:07'),(30,'ut','1996-10-16 14:21:33','2017-06-30 21:12:31'),(31,'culpa','2010-08-10 05:36:09','2007-03-22 07:37:10'),(32,'nam','2001-12-28 06:29:19','1981-01-31 19:46:56'),(33,'illum','1990-09-29 07:08:02','1975-07-15 07:14:02'),(34,'et','1976-11-13 22:22:39','1976-08-13 17:52:33'),(35,'et','1973-07-06 22:29:37','2019-12-25 11:15:17'),(36,'repudiandae','1980-05-11 01:37:31','1985-06-07 15:21:40'),(37,'dolorum','1971-11-08 05:15:25','1971-01-10 00:52:03'),(38,'occaecati','1974-01-31 09:44:05','1973-12-12 00:53:00'),(39,'commodi','1973-09-20 07:26:39','1986-11-13 02:34:53'),(40,'quia','2006-06-29 04:26:22','1991-03-29 11:18:35'),(41,'odio','2007-01-17 09:59:35','2007-07-16 19:19:04'),(42,'ab','1985-04-23 23:09:51','2013-02-09 07:27:32'),(43,'aliquid','1976-12-18 01:51:53','1990-12-09 04:27:43'),(44,'consectetur','2008-01-19 15:54:18','1973-09-11 18:39:41'),(45,'sit','1976-07-30 22:19:29','2006-04-04 11:40:54'),(46,'ea','1983-05-14 15:09:34','1997-02-06 01:05:54'),(47,'tenetur','2006-01-14 08:58:42','2002-07-06 04:41:53'),(48,'quo','1982-08-17 01:39:41','1973-12-29 23:16:47'),(49,'quasi','2019-01-01 09:08:41','2018-09-07 19:06:00'),(50,'magni','1997-04-29 18:02:27','2013-02-20 21:55:40'),(51,'magni','1977-06-29 00:26:28','2000-03-07 00:48:15'),(52,'pariatur','1992-02-06 08:49:57','2005-06-05 14:44:41'),(53,'et','2018-03-22 18:37:16','1979-09-04 23:04:10'),(54,'voluptatibus','2013-01-26 16:58:01','1990-09-19 16:54:01'),(55,'nesciunt','1987-11-23 17:31:21','1999-01-23 15:31:23'),(56,'earum','1980-09-04 02:07:39','2003-11-17 09:27:22'),(57,'ut','1995-03-18 01:44:09','2011-09-11 23:20:26'),(58,'est','1977-01-07 01:34:19','1983-09-19 01:18:32'),(59,'sed','2017-05-20 02:00:20','2009-01-09 00:26:49'),(60,'soluta','2007-07-01 00:48:01','1991-01-02 12:52:30'),(61,'vitae','1995-09-09 08:35:10','2011-03-06 00:56:49'),(62,'natus','1986-07-02 06:44:53','2006-07-01 22:46:01'),(63,'eligendi','2007-06-04 12:06:20','1991-03-01 11:45:02'),(64,'consectetur','1983-12-26 17:53:19','1994-11-29 16:05:19'),(65,'ut','1976-09-02 18:01:55','1975-05-06 08:23:25'),(66,'commodi','1989-05-29 13:09:55','1999-11-23 17:35:14'),(67,'et','2013-06-26 04:39:06','2010-11-24 17:11:35'),(68,'assumenda','1975-06-05 18:44:47','1984-07-20 09:17:48'),(69,'officia','1990-01-05 08:30:59','1976-04-03 09:59:30'),(70,'ratione','1978-10-22 16:19:35','1991-02-03 05:11:05'),(71,'similique','1995-01-01 05:21:36','2017-12-04 05:37:05'),(72,'et','1996-12-03 08:40:07','1977-04-16 18:12:21'),(73,'possimus','1988-01-01 02:15:52','1990-09-19 15:59:53'),(74,'quidem','1982-10-21 20:33:42','1998-07-07 14:46:44'),(75,'optio','2001-11-08 04:21:37','1985-09-16 17:01:55'),(76,'rerum','1975-04-15 04:00:25','1994-05-30 14:44:03'),(77,'et','1983-06-23 07:45:13','1996-09-14 22:17:50'),(78,'fuga','2004-09-12 06:44:29','2013-12-25 08:56:47'),(79,'molestiae','1983-12-21 12:31:59','2001-07-10 23:44:44'),(80,'voluptatem','1984-12-19 04:09:24','1985-12-28 17:41:07'),(81,'magni','2017-12-30 16:05:08','1984-12-23 16:06:12'),(82,'ut','1982-01-21 07:08:13','2006-09-15 23:43:44'),(83,'eos','2014-09-28 16:03:36','1979-04-04 20:14:53'),(84,'distinctio','2019-09-20 19:58:27','1997-02-08 04:26:18'),(85,'ab','1985-08-27 02:15:48','1998-09-13 13:26:51'),(86,'hic','1990-02-23 20:54:53','1990-03-29 08:34:46'),(87,'itaque','2015-05-24 00:23:32','1992-02-16 17:12:19'),(88,'quod','1981-01-04 18:43:50','1988-03-03 07:44:13'),(89,'voluptas','1998-10-01 20:24:08','2006-10-01 01:36:54'),(90,'illum','1995-07-04 14:25:37','1988-11-11 02:43:55'),(91,'officia','1985-01-14 07:32:10','1990-07-11 19:27:43'),(92,'blanditiis','1994-03-06 08:37:08','1981-06-30 20:49:03'),(93,'voluptas','1985-07-06 13:51:19','1977-05-07 14:03:13'),(94,'velit','1996-03-29 21:04:47','1974-10-10 10:53:21'),(95,'cumque','1993-06-01 18:29:42','2013-02-02 22:28:21'),(96,'error','1998-05-12 21:38:09','2010-02-11 17:54:17'),(97,'officia','1996-03-18 09:55:07','1981-09-22 16:15:25'),(98,'velit','1973-04-03 02:08:23','1982-10-12 15:35:45'),(99,'est','2014-10-31 12:37:30','1979-05-28 12:03:39'),(100,'repudiandae','1990-04-22 02:56:53','1992-03-15 22:26:32');
/*!40000 ALTER TABLE `motor_types` ENABLE KEYS */;
UNLOCK TABLES;

--
-- Table structure for table `photos`
--

DROP TABLE IF EXISTS `photos`;
/*!40101 SET @saved_cs_client     = @@character_set_client */;
/*!50503 SET character_set_client = utf8mb4 */;
CREATE TABLE `photos` (
  `id` int unsigned NOT NULL AUTO_INCREMENT COMMENT 'Идентификатор строки',
  `advert_id` int unsigned NOT NULL COMMENT 'Ссылка на объявление',
  `filename` varchar(255) CHARACTER SET utf8 COLLATE utf8_unicode_ci NOT NULL COMMENT 'Путь к файлу',
  `size` int NOT NULL COMMENT 'Размер файла',
  `created_at` datetime DEFAULT CURRENT_TIMESTAMP COMMENT 'Время создания строки',
  `updated_at` datetime DEFAULT CURRENT_TIMESTAMP ON UPDATE CURRENT_TIMESTAMP COMMENT 'Время обновления строки',
  PRIMARY KEY (`id`)
) ENGINE=InnoDB AUTO_INCREMENT=101 DEFAULT CHARSET=utf8 COLLATE=utf8_unicode_ci COMMENT='Фотографии';
/*!40101 SET character_set_client = @saved_cs_client */;

--
-- Dumping data for table `photos`
--

LOCK TABLES `photos` WRITE;
/*!40000 ALTER TABLE `photos` DISABLE KEYS */;
INSERT INTO `photos` VALUES (1,81,'http://lorempixel.com/600/400/',7651851,'1980-10-07 04:34:46','2020-12-10 17:12:26'),(2,6,'http://lorempixel.com/600/400/',5657419,'2014-11-16 02:27:30','2020-12-10 17:12:26'),(3,85,'http://lorempixel.com/600/400/',2486578,'1992-11-09 08:09:41','2020-12-10 17:12:26'),(4,5,'http://lorempixel.com/600/400/',2238830,'2006-02-24 09:59:30','2020-12-10 17:12:26'),(5,73,'http://lorempixel.com/600/400/',2530736,'1983-02-12 09:54:00','2020-12-10 17:12:26'),(6,46,'http://lorempixel.com/600/400/',3275843,'2016-04-06 22:45:50','2020-12-10 17:12:26'),(7,13,'http://lorempixel.com/600/400/',7598201,'1978-05-29 10:22:12','2020-12-10 17:12:26'),(8,25,'http://lorempixel.com/600/400/',5329983,'1986-07-04 09:04:02','2020-12-10 17:12:26'),(9,84,'http://lorempixel.com/600/400/',3776409,'1977-07-28 14:35:49','2020-12-10 17:12:26'),(10,46,'http://lorempixel.com/600/400/',370820,'2012-07-05 08:24:20','2020-12-10 17:12:26'),(11,77,'http://lorempixel.com/600/400/',914174,'2000-04-11 13:50:55','2020-12-10 17:12:26'),(12,45,'http://lorempixel.com/600/400/',1977259,'1976-10-20 10:39:39','2020-12-10 17:12:26'),(13,97,'http://lorempixel.com/600/400/',6832478,'2019-09-27 14:49:38','2020-12-10 17:12:26'),(14,46,'http://lorempixel.com/600/400/',2602332,'1995-11-17 01:42:40','2020-12-10 17:12:26'),(15,42,'http://lorempixel.com/600/400/',1610433,'2016-02-20 17:53:43','2020-12-10 17:12:26'),(16,69,'http://lorempixel.com/600/400/',3815532,'1972-07-28 22:04:37','2020-12-10 17:12:26'),(17,17,'http://lorempixel.com/600/400/',9706343,'2019-03-12 15:47:24','2020-12-10 17:12:26'),(18,80,'http://lorempixel.com/600/400/',6157659,'2014-10-21 05:12:10','2020-12-10 17:12:26'),(19,49,'http://lorempixel.com/600/400/',726362,'1979-03-21 19:08:19','2020-12-10 17:12:26'),(20,3,'http://lorempixel.com/600/400/',9372403,'2014-06-17 12:21:25','2020-12-10 17:12:26'),(21,69,'http://lorempixel.com/600/400/',6007295,'1986-05-22 00:29:27','2020-12-10 17:12:26'),(22,34,'http://lorempixel.com/600/400/',9400664,'2006-09-21 10:30:36','2020-12-10 17:12:26'),(23,63,'http://lorempixel.com/600/400/',2884029,'2020-11-10 22:48:56','2020-12-10 17:12:26'),(24,12,'http://lorempixel.com/600/400/',1129938,'1998-11-18 00:57:55','2020-12-10 17:12:26'),(25,70,'http://lorempixel.com/600/400/',4524365,'1977-05-19 11:03:24','2020-12-10 17:12:26'),(26,14,'http://lorempixel.com/600/400/',31410,'1998-03-17 11:39:05','2020-12-10 17:12:26'),(27,61,'http://lorempixel.com/600/400/',8043524,'1991-09-20 21:24:38','2020-12-10 17:12:26'),(28,63,'http://lorempixel.com/600/400/',7581496,'1989-04-19 12:57:20','2020-12-10 17:12:26'),(29,31,'http://lorempixel.com/600/400/',2161574,'1973-12-29 15:01:35','2020-12-10 17:12:26'),(30,63,'http://lorempixel.com/600/400/',9185049,'1984-04-18 00:56:53','2020-12-10 17:12:26'),(31,24,'http://lorempixel.com/600/400/',4914214,'2008-10-19 21:01:57','2020-12-10 17:12:26'),(32,31,'http://lorempixel.com/600/400/',3862030,'1980-05-08 00:53:30','2020-12-10 17:12:26'),(33,82,'http://lorempixel.com/600/400/',4711265,'2016-08-21 05:11:12','2020-12-10 17:12:26'),(34,17,'http://lorempixel.com/600/400/',537594,'2020-04-21 15:44:18','2020-12-10 17:12:26'),(35,38,'http://lorempixel.com/600/400/',4576535,'1979-01-17 02:48:46','2020-12-10 17:12:26'),(36,37,'http://lorempixel.com/600/400/',7855820,'1981-07-08 06:16:37','2020-12-10 17:12:26'),(37,71,'http://lorempixel.com/600/400/',7587036,'1975-10-21 18:56:36','2020-12-10 17:12:26'),(38,43,'http://lorempixel.com/600/400/',2675051,'1988-12-11 14:31:13','2020-12-10 17:12:26'),(39,2,'http://lorempixel.com/600/400/',6931257,'1992-05-06 01:13:00','2020-12-10 17:12:26'),(40,82,'http://lorempixel.com/600/400/',6992064,'1986-04-26 21:27:35','2020-12-10 17:12:26'),(41,1,'http://lorempixel.com/600/400/',5626286,'2012-08-06 19:47:58','2020-12-10 17:12:26'),(42,59,'http://lorempixel.com/600/400/',9991232,'1997-05-17 15:24:19','2020-12-10 17:12:26'),(43,90,'http://lorempixel.com/600/400/',6602172,'2001-07-14 10:09:40','2020-12-10 17:12:26'),(44,75,'http://lorempixel.com/600/400/',3326859,'1997-06-08 01:39:27','2020-12-10 17:12:26'),(45,5,'http://lorempixel.com/600/400/',1955515,'1994-06-22 02:12:56','2020-12-10 17:12:26'),(46,97,'http://lorempixel.com/600/400/',1507666,'1983-07-22 21:58:22','2020-12-10 17:12:26'),(47,72,'http://lorempixel.com/600/400/',8306438,'2000-12-25 19:42:45','2020-12-10 17:12:26'),(48,67,'http://lorempixel.com/600/400/',8552334,'1977-10-18 11:36:15','2020-12-10 17:12:26'),(49,17,'http://lorempixel.com/600/400/',5217202,'2007-11-22 21:03:03','2020-12-10 17:12:26'),(50,84,'http://lorempixel.com/600/400/',2859550,'1971-07-02 20:45:11','2020-12-10 17:12:26'),(51,71,'http://lorempixel.com/600/400/',3032781,'1978-10-16 00:36:32','2020-12-10 17:12:26'),(52,1,'http://lorempixel.com/600/400/',4223631,'1981-04-29 21:56:07','2020-12-10 17:12:26'),(53,93,'http://lorempixel.com/600/400/',8031455,'1976-07-03 12:16:00','2020-12-10 17:12:26'),(54,59,'http://lorempixel.com/600/400/',3819690,'1989-01-11 18:24:04','2020-12-10 17:12:26'),(55,16,'http://lorempixel.com/600/400/',9871328,'1982-08-30 00:59:50','2020-12-10 17:12:26'),(56,2,'http://lorempixel.com/600/400/',779397,'1996-01-25 23:14:58','2020-12-10 17:12:26'),(57,64,'http://lorempixel.com/600/400/',7885756,'2014-03-15 00:08:58','2020-12-10 17:12:26'),(58,11,'http://lorempixel.com/600/400/',795156,'1988-12-12 04:47:15','2020-12-10 17:12:26'),(59,63,'http://lorempixel.com/600/400/',1254018,'1987-07-06 02:32:22','2020-12-10 17:12:26'),(60,82,'http://lorempixel.com/600/400/',8360906,'2001-06-30 20:11:29','2020-12-10 17:12:26'),(61,21,'http://lorempixel.com/600/400/',6176044,'1975-01-16 15:49:42','2020-12-10 17:12:26'),(62,58,'http://lorempixel.com/600/400/',4763535,'1986-02-24 07:25:59','2020-12-10 17:12:26'),(63,26,'http://lorempixel.com/600/400/',7339645,'1983-08-16 21:26:38','2020-12-10 17:12:26'),(64,57,'http://lorempixel.com/600/400/',2504140,'2012-10-11 07:29:29','2020-12-10 17:12:26'),(65,5,'http://lorempixel.com/600/400/',2542623,'1994-02-05 21:56:56','2020-12-10 17:12:26'),(66,55,'http://lorempixel.com/600/400/',5525956,'1978-03-11 20:03:39','2020-12-10 17:12:26'),(67,59,'http://lorempixel.com/600/400/',4092272,'1995-06-03 21:22:41','2020-12-10 17:12:26'),(68,31,'http://lorempixel.com/600/400/',8280952,'1984-08-05 17:15:27','2020-12-10 17:12:26'),(69,76,'http://lorempixel.com/600/400/',7467455,'1998-09-11 23:50:03','2020-12-10 17:12:26'),(70,85,'http://lorempixel.com/600/400/',8984827,'1990-06-03 10:55:17','2020-12-10 17:12:26'),(71,99,'http://lorempixel.com/600/400/',1155932,'1995-10-13 03:23:01','2020-12-10 17:12:26'),(72,38,'http://lorempixel.com/600/400/',8944037,'1996-02-18 02:07:18','2020-12-10 17:12:26'),(73,93,'http://lorempixel.com/600/400/',1445729,'1976-02-05 09:28:06','2020-12-10 17:12:26'),(74,48,'http://lorempixel.com/600/400/',9002168,'1996-08-11 09:58:32','2020-12-10 17:12:26'),(75,64,'http://lorempixel.com/600/400/',2724866,'2008-01-02 23:25:22','2020-12-10 17:12:26'),(76,75,'http://lorempixel.com/600/400/',5974756,'1974-07-04 07:46:19','2020-12-10 17:12:26'),(77,82,'http://lorempixel.com/600/400/',3271713,'1970-12-11 20:07:08','2020-12-10 17:12:26'),(78,83,'http://lorempixel.com/600/400/',8508165,'1974-09-15 10:41:13','2020-12-10 17:12:26'),(79,69,'http://lorempixel.com/600/400/',3745153,'2016-06-09 08:00:32','2020-12-10 17:12:26'),(80,94,'http://lorempixel.com/600/400/',701566,'1990-11-23 05:38:38','2020-12-10 17:12:26'),(81,64,'http://lorempixel.com/600/400/',2631796,'1990-07-11 06:04:46','2020-12-10 17:12:26'),(82,36,'http://lorempixel.com/600/400/',9767732,'2014-12-12 23:53:47','2020-12-10 17:12:26'),(83,87,'http://lorempixel.com/600/400/',1424354,'2002-03-09 23:07:19','2020-12-10 17:12:26'),(84,29,'http://lorempixel.com/600/400/',3129252,'2016-07-11 01:53:06','2020-12-10 17:12:26'),(85,82,'http://lorempixel.com/600/400/',8648749,'1988-04-24 05:42:29','2020-12-10 17:12:26'),(86,23,'http://lorempixel.com/600/400/',5467728,'1992-01-13 00:52:15','2020-12-10 17:12:26'),(87,67,'http://lorempixel.com/600/400/',7222240,'1991-08-20 13:18:48','2020-12-10 17:12:26'),(88,65,'http://lorempixel.com/600/400/',8744628,'1997-08-26 02:42:35','2020-12-10 17:12:26'),(89,25,'http://lorempixel.com/600/400/',2925608,'2015-04-20 01:55:13','2020-12-10 17:12:26'),(90,29,'http://lorempixel.com/600/400/',4135996,'2016-04-22 11:53:07','2020-12-10 17:12:26'),(91,72,'http://lorempixel.com/600/400/',4883245,'2009-07-31 14:19:08','2020-12-10 17:12:26'),(92,69,'http://lorempixel.com/600/400/',6665350,'2018-09-24 22:10:31','2020-12-10 17:12:26'),(93,31,'http://lorempixel.com/600/400/',1853493,'1990-02-04 10:48:16','2020-12-10 17:12:26'),(94,48,'http://lorempixel.com/600/400/',4196544,'2002-05-05 04:14:26','2020-12-10 17:12:26'),(95,44,'http://lorempixel.com/600/400/',5788672,'1984-02-04 04:27:26','2020-12-10 17:12:26'),(96,77,'http://lorempixel.com/600/400/',7254664,'2020-01-23 02:52:55','2020-12-10 17:12:26'),(97,53,'http://lorempixel.com/600/400/',1531319,'1989-07-25 03:09:41','2020-12-10 17:12:26'),(98,32,'http://lorempixel.com/600/400/',9757043,'1997-01-24 03:57:35','2020-12-10 17:12:26'),(99,100,'http://lorempixel.com/600/400/',3602827,'1978-04-28 07:59:25','2020-12-10 17:12:26'),(100,3,'http://lorempixel.com/600/400/',8698506,'2002-01-17 16:37:04','2020-12-10 17:12:26');
/*!40000 ALTER TABLE `photos` ENABLE KEYS */;
UNLOCK TABLES;

--
-- Table structure for table `real_estate_atributes`
--

DROP TABLE IF EXISTS `real_estate_atributes`;
/*!40101 SET @saved_cs_client     = @@character_set_client */;
/*!50503 SET character_set_client = utf8mb4 */;
CREATE TABLE `real_estate_atributes` (
  `id` bigint unsigned NOT NULL AUTO_INCREMENT COMMENT 'Идентификатор строки',
  `price_type` enum('Negotiable price','Swap','Auction') CHARACTER SET utf8 COLLATE utf8_unicode_ci DEFAULT NULL COMMENT 'Тип цены',
  `real_estate_type_id` int unsigned NOT NULL COMMENT 'Тип недвижимости',
  `area` int unsigned NOT NULL COMMENT 'Площадь',
  `real_estate_condition` enum('Resale','Brand new','Under constraction') CHARACTER SET utf8 COLLATE utf8_unicode_ci NOT NULL COMMENT 'Состояние',
  `bedrooms` int NOT NULL COMMENT 'Кол-во спален',
  `bathrooms` int NOT NULL COMMENT 'Кол-во ванных комнат',
  `parking` enum('Covered','Uncovered','Non') CHARACTER SET utf8 COLLATE utf8_unicode_ci NOT NULL COMMENT 'Парковка',
  `furnishing` enum('Fully furnished','Semi-furnished','Unfurnished','Applinces only') CHARACTER SET utf8 COLLATE utf8_unicode_ci NOT NULL COMMENT 'Меблировка',
  `pool` tinyint(1) DEFAULT NULL COMMENT 'Наличие бассейна',
  `garden` tinyint(1) DEFAULT NULL COMMENT 'Наличие сада',
  `elevator` tinyint(1) DEFAULT NULL COMMENT 'Наличие лифта',
  `alarm` tinyint(1) DEFAULT NULL COMMENT 'Наличие сигнализации',
  `fireplace` tinyint(1) DEFAULT NULL COMMENT 'Наличие камина',
  `balcony` tinyint(1) DEFAULT NULL COMMENT 'Наличие балкона',
  `playroom` tinyint(1) DEFAULT NULL COMMENT 'Наличие игровой',
  `attic_loft` tinyint(1) DEFAULT NULL COMMENT 'Наличие чердака',
  `storage_room` tinyint(1) DEFAULT NULL COMMENT 'Наличие кладовки',
  `location_on_map` varchar(30) CHARACTER SET utf8 COLLATE utf8_unicode_ci DEFAULT NULL COMMENT 'Ссылка на точку на карте, координаты',
  `created_at` datetime DEFAULT CURRENT_TIMESTAMP,
  `updated_at` datetime DEFAULT CURRENT_TIMESTAMP ON UPDATE CURRENT_TIMESTAMP,
  PRIMARY KEY (`id`),
  KEY `real_estate_atributes_real_estate_types_id_fk` (`real_estate_type_id`),
  KEY `real_estate_atributes_bedrooms_idx` (`bedrooms`),
  CONSTRAINT `real_estate_atributes_real_estate_types_id_fk` FOREIGN KEY (`real_estate_type_id`) REFERENCES `real_estate_types` (`id`)
) ENGINE=InnoDB AUTO_INCREMENT=101 DEFAULT CHARSET=utf8 COLLATE=utf8_unicode_ci COMMENT='Вторые части объявлений из категории Недвижимость';
/*!40101 SET character_set_client = @saved_cs_client */;

--
-- Dumping data for table `real_estate_atributes`
--

LOCK TABLES `real_estate_atributes` WRITE;
/*!40000 ALTER TABLE `real_estate_atributes` DISABLE KEYS */;
INSERT INTO `real_estate_atributes` VALUES (1,'Auction',1,34301,'Resale',1,6,'Non','Applinces only',1,0,0,0,0,0,0,0,0,'-110.441269','2003-10-28 11:24:58','2020-12-28 13:55:02'),(2,'Swap',2,63843,'Brand new',3,7,'Non','Fully furnished',0,0,0,1,0,1,0,0,0,'8.068240','1981-12-07 13:55:42','2004-01-18 17:11:03'),(3,'Auction',3,10979,'Brand new',3,2,'Uncovered','Unfurnished',1,0,0,1,1,0,0,1,0,'106.911349','2002-02-05 23:34:19','1981-08-26 12:11:59'),(4,'Auction',4,75046,'Brand new',9,6,'Non','Applinces only',0,1,0,0,0,1,1,0,0,'23.796931','1993-05-18 13:37:26','2005-05-24 22:26:29'),(5,'Swap',5,5027,'Brand new',8,6,'Non','Unfurnished',1,1,0,1,1,1,0,1,1,'16.300754','2003-03-09 16:00:02','1987-07-01 12:43:44'),(6,'Auction',6,11208,'Resale',7,3,'Covered','Semi-furnished',1,0,1,1,0,1,0,0,1,'-36.317169','2002-07-13 12:31:37','1993-10-03 04:52:33'),(7,'Swap',7,7565,'Under constraction',1,0,'Covered','Semi-furnished',0,1,1,0,0,1,1,1,1,'83.721683','1984-06-30 02:10:23','2020-12-28 13:55:08'),(8,'Auction',8,1937,'Brand new',6,6,'Non','Fully furnished',1,0,1,0,1,1,0,1,1,'84.329784','1983-12-24 23:12:54','1978-01-09 03:32:18'),(9,'Auction',9,19528,'Under constraction',3,8,'Non','Fully furnished',0,1,1,1,0,0,1,1,0,'119.169597','1998-03-30 04:16:13','1992-09-02 03:36:11'),(10,'Auction',10,39182,'Resale',2,9,'Uncovered','Fully furnished',0,1,1,1,0,0,1,0,1,'61.248059','1987-07-25 06:10:59','1988-03-17 10:13:09'),(11,'Swap',1,63651,'Brand new',3,5,'Uncovered','Unfurnished',1,1,1,1,1,1,1,0,0,'29.831315','1986-01-20 03:45:18','1982-09-11 18:03:45'),(12,'Negotiable price',2,68863,'Brand new',1,4,'Uncovered','Applinces only',0,0,0,1,1,0,0,0,1,'-64.391199','1992-08-29 21:54:25','1987-07-25 01:32:11'),(13,'Swap',3,58642,'Brand new',3,2,'Non','Fully furnished',1,1,1,1,0,0,1,1,1,'-16.376233','1972-12-07 21:11:03','2020-06-29 13:15:40'),(14,'Swap',4,70836,'Resale',2,1,'Non','Applinces only',1,0,0,1,1,0,1,0,1,'-146.208108','1994-02-20 15:45:17','2015-12-19 17:14:02'),(15,'Swap',5,85029,'Resale',6,9,'Uncovered','Unfurnished',1,0,1,0,0,0,1,1,0,'23.191592','2019-08-24 22:20:18','1994-01-31 05:58:18'),(16,'Negotiable price',6,30976,'Under constraction',9,8,'Covered','Applinces only',0,1,1,0,0,0,0,0,1,'32.116995','2018-02-18 04:14:02','1980-01-27 12:44:17'),(17,'Auction',7,58941,'Resale',7,5,'Non','Applinces only',0,0,0,0,0,0,0,1,1,'-131.676013','1973-01-12 02:12:59','1994-07-02 12:53:10'),(18,'Swap',8,88195,'Under constraction',1,1,'Uncovered','Unfurnished',0,1,1,0,1,0,1,1,0,'-129.654621','1979-02-09 08:15:11','2020-12-28 13:55:13'),(19,'Auction',9,10222,'Resale',2,6,'Uncovered','Semi-furnished',0,0,1,1,1,0,1,0,0,'-155.692638','1992-01-19 12:02:48','2000-06-20 21:00:44'),(20,'Swap',10,7105,'Resale',8,4,'Non','Unfurnished',0,1,0,0,1,1,1,1,0,'-44.065620','1992-10-05 20:51:33','2012-07-30 10:05:10'),(21,'Swap',1,8328,'Brand new',5,5,'Uncovered','Semi-furnished',1,1,1,1,0,0,0,1,1,'119.965953','2003-05-16 23:27:14','2006-12-20 12:05:05'),(22,'Auction',2,9349,'Brand new',4,4,'Covered','Fully furnished',0,0,1,0,0,0,0,1,1,'-146.157888','1976-01-30 15:11:19','2016-01-22 04:45:32'),(23,'Auction',3,13692,'Brand new',3,0,'Non','Semi-furnished',0,0,0,1,0,1,0,0,1,'62.578912','1989-11-10 14:48:37','1997-03-15 09:51:42'),(24,'Swap',4,25241,'Under constraction',3,9,'Uncovered','Unfurnished',1,0,1,1,1,1,0,0,1,'128.344313','2011-08-21 01:06:01','1989-01-08 06:47:34'),(25,'Auction',5,57329,'Under constraction',4,8,'Non','Semi-furnished',0,0,1,0,0,1,0,0,0,'-40.368824','1978-03-06 17:45:41','2015-06-16 21:19:58'),(26,'Swap',6,77555,'Brand new',6,1,'Uncovered','Fully furnished',1,1,1,0,1,1,0,1,1,'-113.397093','1980-10-29 13:44:43','1990-12-24 05:34:26'),(27,'Auction',7,87159,'Under constraction',2,3,'Uncovered','Semi-furnished',1,1,0,0,0,0,1,1,0,'-151.540692','1970-12-02 01:04:20','1992-02-09 22:16:30'),(28,'Auction',8,62415,'Brand new',3,2,'Uncovered','Fully furnished',0,1,0,1,1,0,0,1,1,'-75.188664','1999-05-23 17:45:52','1972-04-24 02:37:47'),(29,'Swap',9,83954,'Under constraction',1,5,'Covered','Fully furnished',1,1,0,0,0,0,1,1,1,'-113.296919','1987-03-22 00:08:51','1974-11-08 06:42:39'),(30,'Swap',10,6378,'Under constraction',3,0,'Covered','Unfurnished',1,0,1,1,0,0,1,0,0,'-64.408970','1982-05-10 15:33:05','2000-09-13 15:29:01'),(31,'Negotiable price',1,2544,'Under constraction',6,0,'Non','Fully furnished',1,0,1,1,0,1,0,1,1,'-52.463851','2009-02-26 21:20:01','2016-12-27 17:15:48'),(32,'Auction',2,36699,'Under constraction',3,9,'Non','Semi-furnished',1,0,1,1,0,1,0,1,0,'125.117379','2002-03-17 02:01:20','1999-04-14 17:49:42'),(33,'Auction',3,98725,'Resale',9,7,'Covered','Applinces only',1,1,1,1,1,1,0,1,1,'-13.204299','2006-05-08 09:05:05','1981-04-19 20:34:07'),(34,'Swap',4,52261,'Resale',9,2,'Covered','Fully furnished',1,0,0,0,1,0,0,0,1,'37.375162','2014-04-09 17:40:51','2003-10-22 03:43:04'),(35,'Negotiable price',5,73288,'Resale',4,9,'Covered','Semi-furnished',0,0,0,0,0,0,1,1,0,'-55.735346','1983-05-15 15:59:22','1999-03-21 17:17:28'),(36,'Negotiable price',6,17636,'Brand new',8,2,'Covered','Fully furnished',0,0,1,0,1,1,0,1,0,'-86.551742','1977-11-28 17:09:50','1987-02-20 17:19:23'),(37,'Negotiable price',7,6662,'Under constraction',1,8,'Covered','Fully furnished',1,0,0,0,0,1,0,0,0,'65.609506','2007-03-14 18:21:51','2020-12-28 13:55:17'),(38,'Swap',8,85246,'Under constraction',2,2,'Covered','Fully furnished',1,0,1,1,1,0,1,1,1,'10.361504','1976-02-19 20:34:58','1979-04-29 07:12:38'),(39,'Auction',9,46068,'Under constraction',2,3,'Covered','Fully furnished',0,0,0,0,0,1,1,0,0,'-59.947803','2000-03-05 17:19:37','2003-03-16 09:04:59'),(40,'Auction',10,29780,'Resale',2,9,'Covered','Applinces only',0,0,0,0,0,1,0,0,0,'167.216430','2019-03-19 23:12:30','1978-08-04 10:59:01'),(41,'Swap',1,281,'Brand new',8,8,'Uncovered','Semi-furnished',0,0,1,1,0,1,1,1,0,'-76.790856','1977-01-01 21:56:16','1987-10-09 17:42:34'),(42,'Swap',2,61804,'Under constraction',8,7,'Covered','Unfurnished',1,0,1,0,0,0,1,0,0,'-10.249115','2014-09-04 19:29:25','1975-10-11 14:45:59'),(43,'Negotiable price',3,8611,'Under constraction',9,7,'Covered','Applinces only',1,1,0,0,0,1,1,1,0,'154.501169','2014-02-22 14:20:19','1990-11-04 16:16:15'),(44,'Swap',4,7060,'Brand new',1,2,'Covered','Semi-furnished',1,0,0,1,0,1,0,0,0,'85.193754','2008-09-11 01:50:59','2020-12-28 13:55:28'),(45,'Negotiable price',5,93999,'Brand new',7,4,'Non','Applinces only',0,0,0,1,0,1,1,0,1,'86.729147','2007-02-09 16:25:23','2020-08-30 05:48:01'),(46,'Auction',6,65232,'Resale',8,7,'Uncovered','Fully furnished',0,1,0,1,1,0,1,1,0,'-153.802332','2009-05-08 10:38:17','1993-12-09 10:11:48'),(47,'Auction',7,25861,'Under constraction',1,8,'Uncovered','Fully furnished',0,1,1,1,0,0,0,0,1,'-132.463310','1973-11-30 17:04:50','2020-12-28 13:55:32'),(48,'Auction',8,93840,'Resale',6,2,'Covered','Semi-furnished',0,0,0,1,0,0,1,0,0,'82.822609','2018-02-24 03:28:42','1984-10-16 22:58:08'),(49,'Swap',9,78595,'Brand new',7,1,'Covered','Applinces only',1,0,1,0,1,1,1,1,0,'43.144481','2002-03-19 22:11:55','1982-05-25 02:50:24'),(50,'Auction',10,99850,'Brand new',1,2,'Non','Semi-furnished',1,0,1,1,1,1,1,0,0,'39.588336','2004-08-07 13:32:02','2020-12-28 13:55:36'),(51,'Negotiable price',1,52508,'Brand new',1,8,'Uncovered','Fully furnished',1,1,1,1,0,1,1,0,0,'-73.861445','2012-05-21 17:20:39','2020-12-28 13:55:40'),(52,'Negotiable price',2,66100,'Brand new',3,8,'Non','Fully furnished',1,1,1,0,1,1,0,0,1,'-34.540759','1989-05-13 18:37:29','2020-07-30 04:21:36'),(53,'Negotiable price',3,87055,'Brand new',1,3,'Non','Applinces only',1,0,0,0,0,1,1,1,0,'148.245493','1983-08-23 19:49:27','2018-09-20 15:41:22'),(54,'Swap',4,26472,'Under constraction',9,1,'Non','Unfurnished',0,0,1,0,1,1,1,0,0,'-22.933955','2006-04-17 19:40:59','1986-02-03 07:38:38'),(55,'Negotiable price',5,14153,'Under constraction',1,8,'Covered','Semi-furnished',0,1,0,1,0,0,1,1,0,'169.453541','1973-06-27 18:49:05','1993-03-31 17:25:31'),(56,'Auction',6,50265,'Brand new',7,6,'Non','Fully furnished',0,1,0,0,0,0,1,0,0,'119.997456','2001-04-01 00:12:13','1982-04-15 06:55:42'),(57,'Negotiable price',7,78539,'Brand new',1,5,'Uncovered','Unfurnished',0,1,0,0,1,0,0,1,0,'-99.908667','1972-08-16 18:49:50','1975-06-19 16:19:21'),(58,'Negotiable price',8,59218,'Resale',8,1,'Non','Applinces only',1,1,0,0,1,1,0,1,0,'18.490623','1979-08-28 20:26:44','1970-03-17 02:43:32'),(59,'Auction',9,47163,'Resale',3,3,'Covered','Semi-furnished',1,1,0,1,1,0,0,1,0,'-63.217466','2006-01-15 13:11:53','1972-06-16 13:47:10'),(60,'Swap',10,72353,'Under constraction',5,6,'Covered','Unfurnished',0,1,0,0,0,0,1,0,0,'-47.110823','2018-11-19 12:12:44','1988-08-08 23:13:31'),(61,'Negotiable price',1,7385,'Brand new',6,1,'Covered','Unfurnished',0,1,0,0,0,1,1,1,1,'155.150652','2014-06-18 10:51:03','2010-11-04 11:55:38'),(62,'Negotiable price',2,61556,'Brand new',3,7,'Non','Unfurnished',0,1,0,1,0,1,1,1,0,'174.891904','1985-02-23 15:36:08','2017-05-10 02:12:34'),(63,'Swap',3,42936,'Resale',7,7,'Covered','Applinces only',0,0,1,0,0,0,0,1,1,'62.501553','1975-09-04 17:58:33','1970-09-10 07:41:29'),(64,'Swap',4,59529,'Resale',4,4,'Non','Fully furnished',0,0,1,0,0,1,0,0,1,'45.912053','1975-12-20 04:06:46','2020-08-06 16:13:51'),(65,'Swap',5,20426,'Resale',2,8,'Covered','Unfurnished',0,1,0,0,0,1,1,0,1,'6.735740','1972-03-04 16:12:20','2015-01-15 04:35:13'),(66,'Swap',6,58704,'Under constraction',4,0,'Uncovered','Unfurnished',0,0,1,0,1,0,1,0,0,'-36.724372','2003-03-12 18:32:25','2000-08-02 15:12:31'),(67,'Auction',7,27115,'Under constraction',8,8,'Non','Unfurnished',0,0,0,0,0,0,0,0,0,'-143.631112','1972-02-15 22:54:15','2003-04-29 06:36:13'),(68,'Auction',8,52855,'Brand new',8,6,'Uncovered','Applinces only',0,0,0,0,1,0,0,1,0,'124.051960','2001-05-12 10:12:24','2004-09-29 18:47:51'),(69,'Auction',9,74342,'Under constraction',8,5,'Uncovered','Unfurnished',1,0,0,0,0,0,1,1,1,'142.340813','1995-09-28 19:16:59','2000-03-11 06:07:58'),(70,'Auction',10,32764,'Under constraction',9,7,'Non','Semi-furnished',0,0,0,1,0,0,0,1,0,'26.497140','1988-07-20 02:57:34','2001-11-13 07:35:14'),(71,'Swap',1,76250,'Under constraction',1,9,'Uncovered','Applinces only',0,1,1,0,1,1,1,0,0,'-12.610555','1982-11-10 06:37:36','1998-10-26 11:18:08'),(72,'Auction',2,25504,'Brand new',3,6,'Covered','Semi-furnished',1,0,1,1,0,1,1,0,0,'-146.001857','2002-03-27 09:46:50','1991-04-14 14:37:12'),(73,'Swap',3,33703,'Brand new',3,2,'Uncovered','Semi-furnished',1,1,0,1,0,1,1,0,0,'-151.347562','1999-05-22 00:14:20','2000-08-25 20:55:41'),(74,'Auction',4,42737,'Brand new',1,7,'Covered','Applinces only',1,1,1,0,1,0,0,1,1,'136.019151','2011-09-13 18:16:12','2020-12-28 13:55:47'),(75,'Negotiable price',5,97145,'Brand new',5,8,'Uncovered','Semi-furnished',1,1,0,0,0,1,1,0,0,'3.021166','1988-10-28 20:40:54','2011-08-01 00:23:53'),(76,'Swap',6,94878,'Under constraction',9,0,'Non','Applinces only',1,1,0,1,1,1,1,0,1,'147.095939','1985-07-12 09:20:22','1984-04-30 12:03:06'),(77,'Auction',7,75842,'Brand new',1,5,'Covered','Fully furnished',1,1,0,1,0,0,1,1,1,'-55.615776','1994-09-19 10:16:11','1970-11-15 01:35:47'),(78,'Swap',8,22998,'Under constraction',6,3,'Covered','Fully furnished',0,1,0,0,1,1,1,1,1,'125.838080','2013-09-27 14:24:56','1975-07-26 21:17:34'),(79,'Auction',9,10425,'Under constraction',4,2,'Uncovered','Unfurnished',1,1,0,0,1,1,1,0,1,'-70.007083','1990-03-25 22:26:55','1992-07-29 03:53:58'),(80,'Negotiable price',10,46422,'Under constraction',9,0,'Uncovered','Semi-furnished',0,0,1,1,0,0,1,1,0,'-137.687753','2016-05-19 16:11:15','1983-06-29 23:15:30'),(81,'Negotiable price',1,29167,'Resale',9,8,'Non','Applinces only',1,1,0,0,1,1,0,1,0,'-103.474414','1977-11-22 19:10:54','1984-04-04 05:18:42'),(82,'Auction',2,53160,'Resale',3,8,'Covered','Unfurnished',0,0,1,0,0,1,1,1,0,'148.456835','2012-08-12 18:38:49','1972-02-23 20:38:15'),(83,'Auction',3,98417,'Under constraction',9,3,'Non','Unfurnished',1,1,0,1,0,0,1,0,0,'86.865733','2002-12-05 01:18:02','2017-01-28 03:55:54'),(84,'Auction',4,17910,'Resale',5,2,'Covered','Applinces only',0,1,1,1,0,0,0,1,0,'-164.778535','1988-09-28 08:54:21','2014-01-22 16:03:54'),(85,'Negotiable price',5,73252,'Brand new',8,7,'Uncovered','Applinces only',0,1,0,0,1,1,1,0,0,'47.973652','2011-06-26 05:28:23','2001-09-15 11:07:07'),(86,'Negotiable price',6,90044,'Under constraction',8,4,'Non','Semi-furnished',0,1,0,0,1,1,0,1,0,'146.258535','1996-05-11 16:52:50','2019-10-10 01:43:04'),(87,'Auction',7,68127,'Under constraction',2,1,'Covered','Semi-furnished',0,0,1,0,0,1,1,1,1,'37.572719','1991-05-26 03:19:12','2001-06-05 06:54:31'),(88,'Auction',8,20224,'Under constraction',9,2,'Covered','Applinces only',0,1,0,1,1,1,1,0,0,'12.478690','2012-01-04 04:17:32','2003-08-29 05:44:32'),(89,'Swap',9,97053,'Brand new',8,2,'Uncovered','Applinces only',1,1,0,1,0,1,1,1,1,'162.839291','2000-11-03 21:49:36','1987-06-25 17:37:04'),(90,'Negotiable price',10,48350,'Brand new',3,6,'Uncovered','Fully furnished',0,1,0,1,0,0,1,0,1,'-155.757148','1997-09-18 09:55:44','2002-06-19 18:34:48'),(91,'Swap',1,95359,'Brand new',1,1,'Non','Applinces only',1,0,0,1,1,1,1,0,0,'70.226396','1997-03-06 20:52:58','2020-12-28 13:55:52'),(92,'Negotiable price',2,28225,'Under constraction',6,5,'Non','Applinces only',0,0,0,1,0,1,0,1,0,'68.210847','1988-06-23 02:29:29','2015-11-07 07:13:51'),(93,'Swap',3,35367,'Resale',2,0,'Non','Applinces only',0,1,0,0,0,0,1,0,0,'72.688762','1993-10-09 23:21:53','1989-11-22 08:28:13'),(94,'Negotiable price',4,16503,'Brand new',5,5,'Covered','Fully furnished',1,0,0,0,0,1,0,1,0,'177.859719','1998-04-09 11:02:29','2019-03-15 03:20:33'),(95,'Swap',5,35386,'Under constraction',2,8,'Non','Semi-furnished',1,0,0,1,0,0,1,0,1,'-78.666859','1990-03-23 13:44:08','2010-04-02 15:24:04'),(96,'Auction',6,2572,'Brand new',3,2,'Non','Semi-furnished',1,1,1,0,0,1,0,1,1,'-89.973866','1986-05-29 04:05:26','1992-08-01 20:34:36'),(97,'Swap',7,8257,'Brand new',7,9,'Uncovered','Fully furnished',1,1,0,1,1,1,0,0,0,'-127.103893','2007-02-26 06:29:33','1987-02-24 00:01:32'),(98,'Swap',8,47656,'Resale',1,0,'Uncovered','Fully furnished',0,1,0,1,0,0,0,0,0,'84.895870','2018-01-22 03:37:28','2020-12-28 13:55:57'),(99,'Swap',9,77852,'Under constraction',4,1,'Uncovered','Fully furnished',0,1,1,1,1,0,0,1,1,'-117.327963','2014-09-20 10:50:24','1979-05-08 20:41:35'),(100,'Auction',10,5063,'Brand new',1,9,'Uncovered','Unfurnished',1,1,0,1,1,1,1,0,0,'131.198605','1996-03-27 23:27:34','2020-12-28 13:56:04');
/*!40000 ALTER TABLE `real_estate_atributes` ENABLE KEYS */;
UNLOCK TABLES;

--
-- Table structure for table `real_estate_types`
--

DROP TABLE IF EXISTS `real_estate_types`;
/*!40101 SET @saved_cs_client     = @@character_set_client */;
/*!50503 SET character_set_client = utf8mb4 */;
CREATE TABLE `real_estate_types` (
  `id` int unsigned NOT NULL AUTO_INCREMENT COMMENT 'Идентификатор строки',
  `name` varchar(50) CHARACTER SET utf8 COLLATE utf8_unicode_ci NOT NULL COMMENT 'Тип недвижимости',
  `created_at` datetime DEFAULT CURRENT_TIMESTAMP,
  PRIMARY KEY (`id`)
) ENGINE=InnoDB AUTO_INCREMENT=11 DEFAULT CHARSET=utf8 COLLATE=utf8_unicode_ci COMMENT='Типы недвижимости';
/*!40101 SET character_set_client = @saved_cs_client */;

--
-- Dumping data for table `real_estate_types`
--

LOCK TABLES `real_estate_types` WRITE;
/*!40000 ALTER TABLE `real_estate_types` DISABLE KEYS */;
INSERT INTO `real_estate_types` VALUES (1,'in','1992-09-02 19:13:19'),(2,'itaque','1998-04-15 07:13:19'),(3,'laborum','2010-07-18 19:20:12'),(4,'est','2011-05-31 07:51:46'),(5,'cumque','2008-11-09 07:45:56'),(6,'beatae','1976-06-23 08:53:54'),(7,'iusto','1993-03-26 07:58:52'),(8,'adipisci','1982-12-17 20:16:58'),(9,'at','2002-09-27 18:22:28'),(10,'quia','1991-04-14 13:35:43');
/*!40000 ALTER TABLE `real_estate_types` ENABLE KEYS */;
UNLOCK TABLES;

--
-- Table structure for table `subcategories_atribute_types`
--

DROP TABLE IF EXISTS `subcategories_atribute_types`;
/*!40101 SET @saved_cs_client     = @@character_set_client */;
/*!50503 SET character_set_client = utf8mb4 */;
CREATE TABLE `subcategories_atribute_types` (
  `id` bigint unsigned NOT NULL AUTO_INCREMENT,
  `subcategory_id` bigint unsigned NOT NULL COMMENT 'Подраздел',
  `atribute_types_id` int unsigned NOT NULL COMMENT 'Тип атрибутов',
  `created_at` datetime DEFAULT CURRENT_TIMESTAMP,
  PRIMARY KEY (`id`),
  KEY `subcategories_atribute_types_subcategories_id_fk` (`subcategory_id`),
  KEY `subcategories_atribute_types_atribute_types_id_fk` (`atribute_types_id`),
  CONSTRAINT `subcategories_atribute_types_atribute_types_id_fk` FOREIGN KEY (`atribute_types_id`) REFERENCES `atribute_types` (`id`),
  CONSTRAINT `subcategories_atribute_types_subcategories_id_fk` FOREIGN KEY (`subcategory_id`) REFERENCES `advert_subcategories` (`id`)
) ENGINE=InnoDB AUTO_INCREMENT=101 DEFAULT CHARSET=utf8 COLLATE=utf8_unicode_ci COMMENT='Таблица связи подкатегорий и типов атрибутов';
/*!40101 SET character_set_client = @saved_cs_client */;

--
-- Dumping data for table `subcategories_atribute_types`
--

LOCK TABLES `subcategories_atribute_types` WRITE;
/*!40000 ALTER TABLE `subcategories_atribute_types` DISABLE KEYS */;
INSERT INTO `subcategories_atribute_types` VALUES (1,1,1,'2004-02-07 05:42:17'),(2,2,2,'1972-03-04 19:55:15'),(3,3,3,'2019-12-23 11:54:10'),(4,4,1,'2011-10-01 11:33:53'),(5,5,2,'1990-07-02 22:08:30'),(6,6,3,'2001-08-15 22:20:04'),(7,7,1,'1978-09-10 19:26:08'),(8,8,2,'1999-08-23 21:14:14'),(9,9,3,'2007-03-17 00:48:23'),(10,10,1,'2003-08-23 02:19:26'),(11,11,2,'2019-03-27 20:16:24'),(12,12,3,'1992-09-20 19:15:56'),(13,13,1,'1997-06-11 02:43:06'),(14,14,2,'1975-11-06 02:28:11'),(15,15,3,'1982-08-07 06:45:34'),(16,16,1,'2017-03-16 19:02:34'),(17,17,2,'1993-06-18 04:56:43'),(18,18,3,'2010-12-06 18:41:11'),(19,19,1,'2012-11-27 04:41:56'),(20,20,2,'1987-10-14 07:29:25'),(21,21,3,'1983-03-15 12:54:35'),(22,22,1,'2015-12-17 12:10:25'),(23,23,2,'1998-06-29 18:33:55'),(24,24,3,'2000-09-26 05:47:36'),(25,25,1,'2015-09-10 10:46:32'),(26,26,2,'1975-12-16 00:33:14'),(27,27,3,'2013-01-25 21:57:21'),(28,28,1,'2000-11-05 16:15:52'),(29,29,2,'1989-04-27 02:19:07'),(30,30,3,'1991-11-30 21:58:24'),(31,31,1,'1981-08-18 08:58:04'),(32,32,2,'2011-07-05 10:25:23'),(33,33,3,'2000-01-11 19:30:16'),(34,34,1,'2000-10-29 01:47:56'),(35,35,2,'1980-09-01 00:38:27'),(36,36,3,'1990-05-16 01:11:56'),(37,37,1,'2006-10-26 12:08:39'),(38,38,2,'1995-04-03 00:20:10'),(39,39,3,'1970-07-20 09:05:34'),(40,40,1,'2001-01-17 00:25:06'),(41,41,2,'1982-07-17 10:26:08'),(42,42,3,'2015-01-22 08:09:46'),(43,43,1,'1970-12-03 00:23:42'),(44,44,2,'1987-10-25 09:46:19'),(45,45,3,'1975-06-15 01:29:27'),(46,46,1,'1976-10-01 14:55:12'),(47,47,2,'2001-01-26 06:34:17'),(48,48,3,'1991-12-26 02:49:23'),(49,49,1,'1992-06-19 00:18:22'),(50,50,2,'1983-03-10 03:16:43'),(51,51,3,'1982-02-14 16:26:13'),(52,52,1,'1970-08-29 03:06:46'),(53,53,2,'1985-11-06 13:37:07'),(54,54,3,'1981-06-29 15:08:57'),(55,55,1,'1975-02-02 19:16:07'),(56,56,2,'1995-08-03 03:44:05'),(57,57,3,'1980-05-19 10:46:00'),(58,58,1,'2007-09-08 01:02:09'),(59,59,2,'1980-08-26 15:04:04'),(60,60,3,'1984-09-22 19:17:14'),(61,61,1,'2011-07-29 10:14:46'),(62,62,2,'1977-05-20 07:12:04'),(63,63,3,'2003-11-30 03:12:45'),(64,64,1,'2000-12-19 03:35:02'),(65,65,2,'1997-05-22 05:09:47'),(66,66,3,'2005-11-13 16:22:05'),(67,67,1,'1983-05-05 12:42:30'),(68,68,2,'1994-11-16 07:15:25'),(69,69,3,'1976-08-21 09:13:35'),(70,70,1,'2019-09-17 21:34:39'),(71,71,2,'2013-11-01 14:43:17'),(72,72,3,'1973-09-18 09:36:33'),(73,73,1,'2013-08-17 11:36:20'),(74,74,2,'1971-01-22 10:51:41'),(75,75,3,'2019-07-18 10:29:34'),(76,76,1,'1971-06-07 18:21:01'),(77,77,2,'2019-12-08 09:23:59'),(78,78,3,'2002-04-20 16:05:58'),(79,79,1,'1987-12-28 03:24:16'),(80,80,2,'2003-01-17 12:57:44'),(81,81,3,'1973-01-22 06:45:23'),(82,82,1,'1999-12-21 23:23:27'),(83,83,2,'1981-12-19 22:43:17'),(84,84,3,'1985-05-03 22:21:52'),(85,85,1,'2007-07-14 17:58:37'),(86,86,2,'2009-09-27 06:01:38'),(87,87,3,'1985-02-13 07:54:55'),(88,88,1,'2002-12-30 19:04:10'),(89,89,2,'1993-05-03 01:25:53'),(90,90,3,'2004-04-22 23:20:48'),(91,91,1,'2007-12-11 08:15:02'),(92,92,2,'1974-08-01 23:08:39'),(93,93,3,'2019-08-02 03:45:26'),(94,94,1,'1995-12-10 10:23:51'),(95,95,2,'2014-08-26 07:32:12'),(96,96,3,'1990-07-08 10:56:48'),(97,97,1,'2008-03-16 19:52:08'),(98,98,2,'1977-06-14 19:57:06'),(99,99,3,'1990-12-15 03:54:25'),(100,100,1,'1974-11-13 19:14:25');
/*!40000 ALTER TABLE `subcategories_atribute_types` ENABLE KEYS */;
UNLOCK TABLES;

--
-- Table structure for table `users`
--

DROP TABLE IF EXISTS `users`;
/*!40101 SET @saved_cs_client     = @@character_set_client */;
/*!50503 SET character_set_client = utf8mb4 */;
CREATE TABLE `users` (
  `id` bigint unsigned NOT NULL AUTO_INCREMENT,
  `name` varchar(255) CHARACTER SET utf8 COLLATE utf8_unicode_ci NOT NULL COMMENT 'Имя',
  `legal_name` varchar(255) CHARACTER SET utf8 COLLATE utf8_unicode_ci DEFAULT NULL COMMENT 'Название компании',
  `location_id` bigint unsigned DEFAULT NULL COMMENT 'Локация-район нахождения автора объявления',
  `email` varchar(100) CHARACTER SET utf8 COLLATE utf8_unicode_ci NOT NULL COMMENT 'Почта',
  `phone` varchar(100) CHARACTER SET utf8 COLLATE utf8_unicode_ci NOT NULL COMMENT 'Телефон',
  `created_at` datetime DEFAULT CURRENT_TIMESTAMP,
  `updated_at` datetime DEFAULT CURRENT_TIMESTAMP ON UPDATE CURRENT_TIMESTAMP,
  PRIMARY KEY (`id`),
  UNIQUE KEY `email` (`email`),
  UNIQUE KEY `phone` (`phone`),
  KEY `users_locations_id_fk` (`location_id`),
  CONSTRAINT `users_locations_id_fk` FOREIGN KEY (`location_id`) REFERENCES `locations` (`id`)
) ENGINE=InnoDB AUTO_INCREMENT=101 DEFAULT CHARSET=utf8 COLLATE=utf8_unicode_ci COMMENT='Пользователи';
/*!40101 SET character_set_client = @saved_cs_client */;

--
-- Dumping data for table `users`
--

LOCK TABLES `users` WRITE;
/*!40000 ALTER TABLE `users` DISABLE KEYS */;
INSERT INTO `users` VALUES (1,'tempore','voluptatem',1,'qbeier@example.net','599-553-4161x60603','1994-03-19 12:48:06','1983-10-31 01:19:41'),(2,'qui','qui',2,'gerlach.alessandro@example.org','09012623021','2011-01-04 10:43:50','2000-09-02 20:36:18'),(3,'distinctio','autem',3,'ewell74@example.org','315-410-5143x924','1987-03-16 16:59:27','1975-06-19 12:38:59'),(4,'deleniti','suscipit',4,'snolan@example.com','(111)742-1672x712','2000-03-01 14:30:43','1984-12-02 09:49:27'),(5,'ipsa','culpa',5,'ccummerata@example.com','919-524-7295x71159','2007-11-07 21:48:12','2010-10-16 01:24:26'),(6,'nihil','sed',6,'adell15@example.org','+92(9)9978511943','1996-05-12 02:10:43','1977-05-30 14:59:38'),(7,'sint','eum',7,'delia.pfannerstill@example.com','08332531207','1987-08-17 00:09:33','2013-04-14 05:51:55'),(8,'minima','explicabo',8,'joana99@example.org','02017809905','1998-04-16 13:30:46','1981-08-02 11:57:10'),(9,'vero','rerum',9,'ucummings@example.net','1-010-029-8201','1975-12-15 01:44:55','2013-08-14 03:20:12'),(10,'ut','est',10,'nheller@example.org','1-409-402-5824x1558','2017-07-22 13:16:30','1990-10-31 22:13:44'),(11,'aliquam','dolores',11,'uzieme@example.com','09070153129','1989-01-11 17:38:16','2000-07-26 05:16:52'),(12,'quia','mollitia',12,'jschaefer@example.net','(199)705-4628','1996-06-01 08:51:54','2003-06-24 01:58:36'),(13,'aspernatur','nobis',13,'eulah.weimann@example.com','594-604-7550x514','2007-01-02 04:27:58','1983-06-13 12:22:24'),(14,'inventore','enim',14,'feest.layla@example.net','1-425-856-8218x64328','1990-04-02 10:50:46','1981-01-04 10:38:34'),(15,'reprehenderit','laborum',15,'brian45@example.com','1-132-306-4235','1993-05-30 13:36:40','2008-12-21 21:01:46'),(16,'ex','est',16,'christy.jenkins@example.org','003.918.7708x13086','1973-07-15 19:05:52','1979-08-23 22:25:55'),(17,'atque','doloribus',17,'ana48@example.com','877.528.3287','1997-07-12 00:41:38','2007-11-17 01:17:10'),(18,'dicta','repellat',18,'bkreiger@example.net','(905)516-9022','1978-03-27 09:48:33','2000-10-09 19:53:40'),(19,'cumque','mollitia',19,'eliza73@example.com','470.738.3852x925','1983-09-02 14:55:58','1993-12-18 18:35:51'),(20,'tempora','et',20,'simonis.collin@example.net','(412)076-9725x0003','1993-08-31 01:13:42','1989-08-07 14:25:26'),(21,'facere','quo',21,'donnell06@example.org','082-670-0610','1992-08-03 07:01:16','1995-03-24 07:48:42'),(22,'sunt','fugiat',22,'mariela17@example.net','04722224929','1995-07-23 02:48:26','1983-02-14 04:49:41'),(23,'consequatur','perspiciatis',23,'jeremie31@example.org','(085)189-9519x7236','2018-05-14 23:18:25','1986-05-15 19:37:40'),(24,'corrupti','similique',24,'eskiles@example.net','(353)491-6284x20719','2020-09-18 13:13:11','1995-10-30 17:41:30'),(25,'quisquam','ut',25,'gudrun.feest@example.org','1-392-914-9334x1194','2001-12-09 14:06:18','1970-01-22 00:57:03'),(26,'rerum','ab',26,'alyson.fahey@example.com','(212)282-3950x955','2017-12-09 18:57:45','1976-04-29 01:13:17'),(27,'sint','non',27,'mcorwin@example.org','206-291-6534x2945','1999-07-21 08:57:01','1972-05-24 21:45:56'),(28,'quisquam','aut',28,'isobel96@example.org','517-071-5691','1985-03-24 16:26:16','1998-07-19 18:19:12'),(29,'veritatis','cupiditate',29,'dlarkin@example.com','123.276.3018x48659','2013-06-15 04:28:59','1979-05-01 20:45:43'),(30,'porro','voluptatem',30,'tremblay.lelia@example.com','(934)283-9484','1979-06-10 20:44:43','2006-12-30 11:49:56'),(31,'laborum','aut',31,'vandervort.emmalee@example.org','156-504-6107','1981-01-27 14:19:39','1981-06-01 03:37:46'),(32,'vitae','aut',32,'ckirlin@example.net','1-182-068-6682x977','2001-12-14 07:50:54','1980-01-10 19:16:57'),(33,'ipsam','aut',33,'meredith.kemmer@example.com','824.859.5399','1979-05-15 11:55:00','1998-02-08 19:21:48'),(34,'ratione','consectetur',34,'sgerhold@example.net','(412)124-0910','1993-12-13 20:46:21','2019-05-31 01:13:37'),(35,'esse','velit',35,'hudson48@example.org','258-203-6286x1473','2016-03-12 18:18:48','1985-07-09 07:33:38'),(36,'omnis','assumenda',36,'asa64@example.com','369-422-0594x435','2014-12-26 21:31:12','1988-12-31 14:03:25'),(37,'dolorem','rerum',37,'md\'amore@example.net','425.856.2719','1987-06-08 20:14:58','2002-05-28 00:09:25'),(38,'libero','sit',38,'ugoyette@example.com','783.275.4843x64482','1978-08-30 06:19:47','1997-09-05 13:02:58'),(39,'error','perferendis',39,'zcrist@example.com','713.400.7990x996','1982-01-05 02:52:48','1980-02-05 13:56:02'),(40,'perspiciatis','quasi',40,'audreanne34@example.net','+99(4)9711725315','1998-07-21 04:30:14','2007-09-01 07:22:08'),(41,'saepe','aut',41,'bernie58@example.com','1-281-908-3118x736','2000-01-25 08:11:51','1989-11-26 16:16:57'),(42,'reiciendis','non',42,'luisa.mayer@example.org','328.730.4110x6537','1992-02-05 05:47:29','2007-05-21 13:46:14'),(43,'nihil','placeat',43,'nia.wiegand@example.org','+28(4)1825487037','1998-01-07 07:41:45','1989-10-24 17:55:12'),(44,'reprehenderit','molestiae',44,'emerald82@example.org','268-543-7511x955','1992-09-21 15:57:06','1986-09-02 21:43:45'),(45,'fuga','doloribus',45,'pgleichner@example.net','1-311-871-6866x9432','2010-01-23 11:44:09','1982-01-08 12:21:14'),(46,'perspiciatis','numquam',46,'kailyn.doyle@example.org','1-638-104-3873x84441','2002-06-02 11:15:21','2017-05-28 04:18:08'),(47,'ipsa','autem',47,'lurline60@example.org','1-878-121-7825x4010','2015-01-08 03:55:01','1970-11-16 04:56:11'),(48,'ratione','quis',48,'nyost@example.org','+62(9)7428266480','2015-01-21 07:49:01','1997-04-04 17:00:19'),(49,'quod','voluptatum',49,'flavie.stark@example.net','1-535-026-6241','2002-01-19 00:37:27','1973-03-26 22:13:18'),(50,'beatae','autem',50,'kilback.shanon@example.net','1-789-674-5745x0366','1986-06-26 15:17:42','1997-04-15 20:37:55'),(51,'autem','perferendis',51,'kertzmann.roel@example.org','269.848.8701','2007-10-11 22:18:57','1985-02-23 04:18:59'),(52,'eum','temporibus',52,'jesus98@example.com','1-226-088-6209','1985-05-06 14:58:37','1988-05-06 12:29:29'),(53,'est','numquam',53,'wellington.yundt@example.com','1-979-602-6907x38033','1983-01-20 06:14:10','1978-06-17 12:45:26'),(54,'aliquid','vel',54,'caesar.langworth@example.com','00225807092','1996-10-01 04:02:28','2009-06-01 11:31:00'),(55,'expedita','sit',55,'qlegros@example.com','873-529-5056','2001-11-30 19:35:08','1985-06-14 23:26:44'),(56,'molestiae','rerum',56,'ezemlak@example.net','1-862-109-1767x33412','2017-03-12 14:01:13','1980-10-09 16:52:41'),(57,'voluptate','ab',57,'stanton.davonte@example.com','08583572877','2011-01-25 19:24:44','1999-12-05 13:24:02'),(58,'accusantium','molestiae',58,'mccullough.jean@example.com','168.286.4767x94644','1998-11-21 15:08:23','1976-05-20 08:45:04'),(59,'ea','doloribus',59,'juliet34@example.org','571-604-9109x685','2014-06-11 20:37:14','1982-06-14 15:47:26'),(60,'unde','voluptatibus',60,'tyrell18@example.net','(166)607-7665','1983-07-03 18:13:23','1993-03-16 03:04:28'),(61,'doloremque','repellendus',61,'rodriguez.dorthy@example.com','434-292-5035x63079','2003-07-18 19:40:47','1998-12-14 23:21:49'),(62,'neque','labore',62,'rempel.abagail@example.org','1-215-098-7039x07289','1974-10-22 21:56:23','2004-10-02 21:03:33'),(63,'est','aliquam',63,'jschaefer@example.com','+58(2)9211338492','1983-04-25 18:07:36','1995-06-22 23:12:37'),(64,'aspernatur','dignissimos',64,'noemy.moore@example.net','333-983-9792x0903','2015-09-25 01:16:38','2008-06-18 22:43:11'),(65,'perspiciatis','doloribus',65,'yconsidine@example.net','187.379.5870','1984-04-11 03:41:34','2001-07-26 06:28:40'),(66,'est','temporibus',66,'ryan.mercedes@example.org','573-883-0013x3936','2000-02-14 03:29:30','2003-07-06 15:24:11'),(67,'quisquam','vitae',67,'aarmstrong@example.net','(567)576-8041','1977-02-02 01:09:10','1999-01-18 08:03:10'),(68,'qui','nisi',68,'yauer@example.com','+21(0)6751426222','1988-11-02 19:30:40','1988-10-17 18:11:41'),(69,'tempora','qui',69,'elody.carroll@example.org','379.218.6195','1986-12-02 19:01:52','1991-03-20 03:12:35'),(70,'accusamus','nam',70,'hessel.daniella@example.org','+39(4)6673599943','1971-11-30 11:40:58','1984-03-22 11:23:26'),(71,'nisi','quas',71,'reilly82@example.org','867.069.5736','1975-04-07 12:25:51','2004-11-07 19:15:27'),(72,'eos','id',72,'germaine80@example.net','07238449002','1979-07-07 07:07:56','1981-11-07 16:06:18'),(73,'et','consequatur',73,'alexandro.schmidt@example.net','+03(2)8884397976','2007-07-15 14:02:22','2003-04-09 17:21:30'),(74,'nostrum','quasi',74,'ystanton@example.net','728.770.6917x96182','1990-06-09 22:48:42','2004-09-19 17:48:46'),(75,'assumenda','ipsum',75,'prosacco.adeline@example.net','+70(8)6102856894','1994-01-29 10:10:04','1972-02-03 16:19:29'),(76,'velit','provident',76,'trever91@example.net','934.703.1283x90566','1971-12-08 10:53:15','2020-07-31 10:51:11'),(77,'aspernatur','vero',77,'elna.towne@example.com','(287)708-5749','2010-02-06 18:57:34','2008-09-28 21:52:43'),(78,'earum','in',78,'trantow.sarai@example.net','1-768-241-0783','2014-08-09 14:10:10','1982-11-23 05:08:40'),(79,'voluptate','neque',79,'tberge@example.org','111.260.8819','1984-08-17 20:18:54','1979-11-09 14:59:43'),(80,'possimus','sit',80,'sawayn.dudley@example.com','(810)896-5760','1992-02-20 17:37:40','1971-10-29 07:23:05'),(81,'quibusdam','tempore',81,'annetta82@example.org','491.557.7196','1988-01-10 12:40:54','2002-02-03 11:57:21'),(82,'dolorem','repellat',82,'weber.jessy@example.org','999.283.8576','1986-02-04 12:10:19','2001-11-26 14:31:00'),(83,'fuga','a',83,'kerluke.constance@example.org','830.654.9049x165','1991-01-30 23:39:46','1983-01-13 02:06:15'),(84,'nemo','eum',84,'windler.leda@example.net','(130)478-5650','1986-05-10 14:38:23','1987-12-24 01:30:01'),(85,'aliquam','laborum',85,'ntowne@example.org','(993)124-1045','1991-10-15 00:45:12','1970-03-12 04:06:52'),(86,'magnam','libero',86,'vincent.gottlieb@example.com','138-517-3049','1999-03-10 10:17:48','1988-07-20 10:15:19'),(87,'quo','tempore',87,'skrajcik@example.org','1-738-699-2045x737','2017-02-10 02:01:11','1995-07-19 15:17:28'),(88,'eaque','vero',88,'avery98@example.net','1-858-889-1303x575','1979-01-02 08:55:41','1980-01-01 03:52:02'),(89,'iste','quis',89,'bell.beahan@example.net','1-022-643-6598','2005-12-11 21:32:13','2009-04-02 06:48:28'),(90,'quas','vel',90,'deontae.oberbrunner@example.org','(752)918-3397x968','1981-03-25 05:53:40','1977-05-04 14:27:37'),(91,'et','pariatur',91,'myrna88@example.com','(462)809-1934','1972-10-14 20:54:19','2002-11-14 20:05:20'),(92,'qui','omnis',92,'eleanora.hamill@example.com','010-984-4868x94139','1972-07-02 04:12:28','1995-09-03 09:35:33'),(93,'in','repellat',93,'olang@example.com','1-747-910-5624','2017-02-02 09:31:35','2000-06-06 22:08:09'),(94,'aut','autem',94,'ray.wehner@example.org','1-205-288-3483x155','1994-01-28 16:23:06','1975-10-01 04:29:20'),(95,'nihil','fugit',95,'salvatore82@example.com','1-978-757-2226x542','1988-03-11 12:09:47','2020-08-15 22:50:13'),(96,'iste','a',96,'weimann.frank@example.org','02712608735','2005-09-11 06:47:57','1985-07-16 04:58:15'),(97,'id','eaque',97,'candelario54@example.com','07182177650','2011-12-24 17:09:12','1993-07-27 12:01:08'),(98,'molestiae','inventore',98,'daniel.madie@example.com','431.562.9553','2016-01-12 06:01:47','1975-07-24 16:31:52'),(99,'non','itaque',99,'toy.darius@example.com','(098)669-8236','1989-08-09 20:39:48','2019-07-10 07:36:50'),(100,'sit','omnis',100,'pamela02@example.com','1-105-179-9142','2003-02-05 06:04:28','1970-12-30 08:50:10');
/*!40000 ALTER TABLE `users` ENABLE KEYS */;
UNLOCK TABLES;

--
-- Temporary view structure for view `users_locations`
--

DROP TABLE IF EXISTS `users_locations`;
/*!50001 DROP VIEW IF EXISTS `users_locations`*/;
SET @saved_cs_client     = @@character_set_client;
/*!50503 SET character_set_client = utf8mb4 */;
/*!50001 CREATE VIEW `users_locations` AS SELECT 
 1 AS `user`,
 1 AS `location`*/;
SET character_set_client = @saved_cs_client;

--
-- Final view structure for view `adverts_subcategories`
--

/*!50001 DROP VIEW IF EXISTS `adverts_subcategories`*/;
/*!50001 SET @saved_cs_client          = @@character_set_client */;
/*!50001 SET @saved_cs_results         = @@character_set_results */;
/*!50001 SET @saved_col_connection     = @@collation_connection */;
/*!50001 SET character_set_client      = utf8mb4 */;
/*!50001 SET character_set_results     = utf8mb4 */;
/*!50001 SET collation_connection      = utf8mb4_0900_ai_ci */;
/*!50001 CREATE ALGORITHM=UNDEFINED */
/*!50013 DEFINER=`root`@`localhost` SQL SECURITY DEFINER */
/*!50001 VIEW `adverts_subcategories` AS select `a`.`status` AS `advert_status`,`s`.`name` AS `advert_subcategory` from (`adverts` `a` join `advert_subcategories` `s` on((`a`.`subcategory_id` = `a`.`id`))) */;
/*!50001 SET character_set_client      = @saved_cs_client */;
/*!50001 SET character_set_results     = @saved_cs_results */;
/*!50001 SET collation_connection      = @saved_col_connection */;

--
-- Final view structure for view `motor_model_atribute`
--

/*!50001 DROP VIEW IF EXISTS `motor_model_atribute`*/;
/*!50001 SET @saved_cs_client          = @@character_set_client */;
/*!50001 SET @saved_cs_results         = @@character_set_results */;
/*!50001 SET @saved_col_connection     = @@collation_connection */;
/*!50001 SET character_set_client      = utf8mb4 */;
/*!50001 SET character_set_results     = utf8mb4 */;
/*!50001 SET collation_connection      = utf8mb4_0900_ai_ci */;
/*!50001 CREATE ALGORITHM=UNDEFINED */
/*!50013 DEFINER=`root`@`localhost` SQL SECURITY DEFINER */
/*!50001 VIEW `motor_model_atribute` AS select `m`.`name` AS `motor_model`,`a`.`year` AS `year` from (`motor_models` `m` join `motor_atributes` `a` on((`a`.`motor_model_id` = `m`.`id`))) */;
/*!50001 SET character_set_client      = @saved_cs_client */;
/*!50001 SET character_set_results     = @saved_cs_results */;
/*!50001 SET collation_connection      = @saved_col_connection */;

--
-- Final view structure for view `users_locations`
--

/*!50001 DROP VIEW IF EXISTS `users_locations`*/;
/*!50001 SET @saved_cs_client          = @@character_set_client */;
/*!50001 SET @saved_cs_results         = @@character_set_results */;
/*!50001 SET @saved_col_connection     = @@collation_connection */;
/*!50001 SET character_set_client      = utf8mb4 */;
/*!50001 SET character_set_results     = utf8mb4 */;
/*!50001 SET collation_connection      = utf8mb4_0900_ai_ci */;
/*!50001 CREATE ALGORITHM=UNDEFINED */
/*!50013 DEFINER=`root`@`localhost` SQL SECURITY DEFINER */
/*!50001 VIEW `users_locations` AS select `u`.`name` AS `user`,`l`.`name` AS `location` from (`users` `u` join `locations` `l` on((`u`.`location_id` = `l`.`id`))) */;
/*!50001 SET character_set_client      = @saved_cs_client */;
/*!50001 SET character_set_results     = @saved_cs_results */;
/*!50001 SET collation_connection      = @saved_col_connection */;
/*!40103 SET TIME_ZONE=@OLD_TIME_ZONE */;

/*!40101 SET SQL_MODE=@OLD_SQL_MODE */;
/*!40014 SET FOREIGN_KEY_CHECKS=@OLD_FOREIGN_KEY_CHECKS */;
/*!40014 SET UNIQUE_CHECKS=@OLD_UNIQUE_CHECKS */;
/*!40101 SET CHARACTER_SET_CLIENT=@OLD_CHARACTER_SET_CLIENT */;
/*!40101 SET CHARACTER_SET_RESULTS=@OLD_CHARACTER_SET_RESULTS */;
/*!40101 SET COLLATION_CONNECTION=@OLD_COLLATION_CONNECTION */;
/*!40111 SET SQL_NOTES=@OLD_SQL_NOTES */;

-- Dump completed on 2021-01-22 15:03:41
